,date,actual_data,lstm_predicted_data
0,2024-01-01 20:00:00,1.1301878029999999,1.1294357
1,2024-01-02 00:00:00,1.1300675389999997,1.1294583
2,2024-01-02 04:00:00,1.1299753365999998,1.1294745
3,2024-01-02 08:00:00,1.1295113179999998,1.129479
4,2024-01-02 12:00:00,1.129255757,1.1294818
5,2024-01-02 16:00:00,1.1292858229999998,1.129479
6,2024-01-02 20:00:00,1.1292367151999998,1.12947
7,2024-01-03 00:00:00,1.1294291375999999,1.1294556
8,2024-01-03 04:00:00,1.1294241266,1.1294457
9,2024-01-03 08:00:00,1.129015229,1.129435
10,2024-01-03 12:00:00,1.1288638967999998,1.1294212
11,2024-01-03 16:00:00,1.1289961871999998,1.1294078
12,2024-01-03 20:00:00,1.1290783675999998,1.1293954
13,2024-01-04 00:00:00,1.1290813741999999,1.129382
14,2024-01-04 04:00:00,1.129195625,1.1293588
15,2024-01-04 08:00:00,1.1292998537999999,1.1293297
16,2024-01-04 12:00:00,1.1293710099999998,1.1292875
17,2024-01-04 16:00:00,1.1292908339999999,1.1292359
18,2024-01-04 20:00:00,1.1292828164,1.1291751
19,2024-01-05 00:00:00,1.1292126623999998,1.1291125
20,2024-01-05 04:00:00,1.1290513081999998,1.1290469
21,2024-01-05 08:00:00,1.1289621123999998,1.1289834
22,2024-01-05 12:00:00,1.1296025182,1.1289275
23,2024-01-05 16:00:00,1.1292727943999998,1.1288679
24,2024-01-05 20:00:00,1.1292126623999998,1.128818
25,2024-01-07 20:00:00,1.129235713,1.1287814
26,2024-01-08 00:00:00,1.1291495237999998,1.1287591
27,2024-01-08 04:00:00,1.1292717921999997,1.1287451
28,2024-01-08 08:00:00,1.1291996337999999,1.1287376
29,2024-01-08 12:00:00,1.1295183333999999,1.1287205
30,2024-01-08 16:00:00,1.1294301398,1.1287017
31,2024-01-08 20:00:00,1.1293178933999999,1.1286889
32,2024-01-09 00:00:00,1.1294481794,1.128684
33,2024-01-09 04:00:00,1.1293870451999999,1.1286814
34,2024-01-09 08:00:00,1.1291344907999998,1.1286834
35,2024-01-09 12:00:00,1.1289981915999998,1.1286868
36,2024-01-09 16:00:00,1.1290723543999999,1.1286944
37,2024-01-09 20:00:00,1.1291374974,1.1287062
38,2024-01-10 00:00:00,1.1291124423999999,1.1287187
39,2024-01-10 04:00:00,1.1290803719999998,1.1287351
40,2024-01-10 08:00:00,1.1292798097999999,1.1287516
41,2024-01-10 12:00:00,1.1294942805999997,1.1287646
42,2024-01-10 16:00:00,1.1295243465999998,1.1287727
43,2024-01-10 20:00:00,1.129561428,1.1287771
44,2024-01-11 00:00:00,1.1296245665999998,1.1287756
45,2024-01-11 04:00:00,1.1296095335999998,1.1287762
46,2024-01-11 08:00:00,1.1296065269999997,1.1287842
47,2024-01-11 12:00:00,1.1292848208,1.1287805
48,2024-01-11 16:00:00,1.1296406018,1.1287559
49,2024-01-11 20:00:00,1.1296456127999999,1.1287235
50,2024-01-12 00:00:00,1.1295975071999997,1.1286913
51,2024-01-12 04:00:00,1.1294872651999999,1.1286613
52,2024-01-12 08:00:00,1.1293168912,1.1286399
53,2024-01-12 12:00:00,1.1294822541999998,1.1286327
54,2024-01-12 16:00:00,1.1293800297999999,1.1286387
55,2024-01-12 20:00:00,1.1293038625999998,1.128649
56,2024-01-14 20:00:00,1.1292717921999997,1.128659
57,2024-01-15 00:00:00,1.1294642145999998,1.1286672
58,2024-01-15 04:00:00,1.1293539726,1.1286775
59,2024-01-15 08:00:00,1.1292737966,1.1286911
60,2024-01-15 12:00:00,1.1293168912,1.1286824
61,2024-01-15 16:00:00,1.1293249087999997,1.1286606
62,2024-01-15 20:00:00,1.1292697878,1.128634
63,2024-01-16 00:00:00,1.1290092157999998,1.1286048
64,2024-01-16 04:00:00,1.1290042047999997,1.1285655
65,2024-01-16 08:00:00,1.1287416283999998,1.1285424
66,2024-01-16 12:00:00,1.1286764854,1.128527
67,2024-01-16 16:00:00,1.1285552192,1.1285156
68,2024-01-16 20:00:00,1.1286033247999998,1.1285048
69,2024-01-17 00:00:00,1.1284820585999997,1.1284915
70,2024-01-17 04:00:00,1.1285201421999997,1.1284782
71,2024-01-17 08:00:00,1.128604327,1.1284623
72,2024-01-17 12:00:00,1.1283086779999998,1.1284399
73,2024-01-17 16:00:00,1.1285572235999999,1.1284039
74,2024-01-17 20:00:00,1.1286794919999998,1.1283689
75,2024-01-18 00:00:00,1.1287736988,1.1283411
76,2024-01-18 04:00:00,1.1287005382,1.1283184
77,2024-01-18 08:00:00,1.1287105601999998,1.1282974
78,2024-01-18 12:00:00,1.1283397461999998,1.128286
79,2024-01-18 16:00:00,1.1284359574,1.1282794
80,2024-01-18 20:00:00,1.1286183577999997,1.1282803
81,2024-01-19 00:00:00,1.1287085557999998,1.1282848
82,2024-01-19 04:00:00,1.1286133468,1.1282824
83,2024-01-19 08:00:00,1.1286925205999998,1.1282744
84,2024-01-19 12:00:00,1.128644415,1.1282716
85,2024-01-19 16:00:00,1.1287416283999998,1.1282806
86,2024-01-19 20:00:00,1.1287797119999998,1.1282896
87,2024-01-21 20:00:00,1.1287396239999998,1.1282843
88,2024-01-22 00:00:00,1.1288388418,1.1282725
89,2024-01-22 04:00:00,1.1287967493999997,1.1282494
90,2024-01-22 08:00:00,1.1287175755999999,1.1282253
91,2024-01-22 12:00:00,1.1286714744,1.1282085
92,2024-01-22 16:00:00,1.1286664633999999,1.1282147
93,2024-01-22 20:00:00,1.1285912983999997,1.1282375
94,2024-01-23 00:00:00,1.1287466393999999,1.1282719
95,2024-01-23 04:00:00,1.1289029825999999,1.1283145
96,2024-01-23 08:00:00,1.1284820585999997,1.1283619
97,2024-01-23 12:00:00,1.1281262775999998,1.1283792
98,2024-01-23 16:00:00,1.1282695922,1.1283717
99,2024-01-23 20:00:00,1.1283908584,1.1283439
100,2024-01-24 00:00:00,1.1284078958,1.1283013
101,2024-01-24 04:00:00,1.1285512104,1.1282499
102,2024-01-24 08:00:00,1.1287466393999999,1.1281953
103,2024-01-24 12:00:00,1.1288268153999998,1.1281313
104,2024-01-24 16:00:00,1.1287025426,1.1280522
105,2024-01-24 20:00:00,1.128629382,1.1279736
106,2024-01-25 00:00:00,1.1285973115999999,1.1278971
107,2024-01-25 04:00:00,1.1286975315999999,1.1278273
108,2024-01-25 08:00:00,1.1287676856,1.1277678
109,2024-01-25 12:00:00,1.1281352973999998,1.127713
110,2024-01-25 16:00:00,1.1281773897999998,1.1276658
111,2024-01-25 20:00:00,1.1282725988,1.127628
112,2024-01-26 00:00:00,1.1282675878,1.1276011
113,2024-01-26 04:00:00,1.1280120267999998,1.1275839
114,2024-01-26 08:00:00,1.128564239,1.127579
115,2024-01-26 12:00:00,1.1284600102,1.1275822
116,2024-01-26 16:00:00,1.1283998782,1.1275854
117,2024-01-26 20:00:00,1.1283227087999999,1.1275942
118,2024-01-28 20:00:00,1.1282405283999999,1.1276077
119,2024-01-29 00:00:00,1.1282695922,1.1276263
120,2024-01-29 04:00:00,1.1281894162,1.1276468
121,2024-01-29 08:00:00,1.1280461015999999,1.1276611
122,2024-01-29 12:00:00,1.1277895383999998,1.1276699
123,2024-01-29 16:00:00,1.1280070157999997,1.1276796
124,2024-01-29 20:00:00,1.1281543392,1.1276903
125,2024-01-30 00:00:00,1.1281232709999998,1.1276989
126,2024-01-30 04:00:00,1.1280450993999998,1.1277094
127,2024-01-30 08:00:00,1.1282375217999998,1.1277171
128,2024-01-30 12:00:00,1.1281874118,1.1277287
129,2024-01-30 16:00:00,1.1282776097999998,1.1277406
130,2024-01-30 20:00:00,1.1282465415999998,1.1277523
131,2024-01-31 00:00:00,1.1280040091999999,1.1277692
132,2024-01-31 04:00:00,1.127977952,1.127787
133,2024-01-31 08:00:00,1.1282074558,1.1278087
134,2024-01-31 12:00:00,1.1284319485999998,1.1278191
135,2024-01-31 16:00:00,1.1282214866,1.1278208
136,2024-01-31 20:00:00,1.1278566857999999,1.1278173
137,2024-02-01 00:00:00,1.1279338552,1.1278107
138,2024-02-01 04:00:00,1.1277494503999999,1.1277988
139,2024-02-01 08:00:00,1.1279007825999998,1.1277874
140,2024-02-01 12:00:00,1.1280821808,1.1277792
141,2024-02-01 16:00:00,1.1285371795999999,1.1277503
142,2024-02-01 20:00:00,1.1285612323999998,1.1277027
143,2024-02-02 00:00:00,1.1285862873999999,1.1276469
144,2024-02-02 04:00:00,1.1286273775999998,1.1275893
145,2024-02-02 08:00:00,1.1286544369999998,1.127531
146,2024-02-02 12:00:00,1.1278406505999998,1.127475
147,2024-02-02 16:00:00,1.1277424349999998,1.1274283
148,2024-02-02 20:00:00,1.1276662677999998,1.1273925
149,2024-02-04 20:00:00,1.1276131511999998,1.1273676
150,2024-02-05 00:00:00,1.1276081401999998,1.1273485
151,2024-02-05 04:00:00,1.1276191644,1.1273373
152,2024-02-05 08:00:00,1.1273646056,1.1273329
153,2024-02-05 12:00:00,1.1270679543999997,1.127343
154,2024-02-05 16:00:00,1.1272453437999999,1.1273657
155,2024-02-05 20:00:00,1.1272263019999997,1.1273975
156,2024-02-06 00:00:00,1.1272553657999997,1.1274291
157,2024-02-06 04:00:00,1.1273335373999998,1.1274598
158,2024-02-06 08:00:00,1.127201247,1.1274945
159,2024-02-06 12:00:00,1.1272483504,1.127528
160,2024-02-06 16:00:00,1.1273094845999998,1.1275615
161,2024-02-06 20:00:00,1.1273826452,1.1275928
162,2024-02-07 00:00:00,1.1274046935999997,1.1276246
163,2024-02-07 04:00:00,1.1275419949999999,1.127652
164,2024-02-07 08:00:00,1.1275259597999998,1.1276783
165,2024-02-07 12:00:00,1.1273826452,1.1277003
166,2024-02-07 16:00:00,1.1275359818,1.1277148
167,2024-02-07 20:00:00,1.1275710587999999,1.1277276
168,2024-02-08 00:00:00,1.1276402105999999,1.1277376
169,2024-02-08 04:00:00,1.1276171599999998,1.1277425
170,2024-02-08 08:00:00,1.1274457837999998,1.1277443
171,2024-02-08 12:00:00,1.1274277441999998,1.127755
172,2024-02-08 16:00:00,1.1275640433999998,1.1277806
173,2024-02-08 20:00:00,1.1275931071999998,1.127809
174,2024-02-09 00:00:00,1.1275249576,1.12784
175,2024-02-09 04:00:00,1.1276181621999999,1.1278744
176,2024-02-09 08:00:00,1.1275329751999998,1.1279066
177,2024-02-09 12:00:00,1.1276802985999999,1.1279316
178,2024-02-09 16:00:00,1.1276422149999998,1.1279529
179,2024-02-09 20:00:00,1.1276382061999999,1.1279749
180,2024-02-11 20:00:00,1.1277965537999999,1.1279979
181,2024-02-12 00:00:00,1.1277354195999998,1.1280227
182,2024-02-12 04:00:00,1.1278486682,1.1280583
183,2024-02-12 08:00:00,1.1275099245999998,1.1281012
184,2024-02-12 12:00:00,1.1274908827999999,1.1281295
185,2024-02-12 16:00:00,1.1275099245999998,1.1281514
186,2024-02-12 20:00:00,1.1275339774,1.1281687
187,2024-02-13 00:00:00,1.1274337573999997,1.1281819
188,2024-02-13 04:00:00,1.1275289663999999,1.1281937
189,2024-02-13 08:00:00,1.1275951115999998,1.1282029
190,2024-02-13 12:00:00,1.1269817651999998,1.1282074
191,2024-02-13 16:00:00,1.1268274263999998,1.1282098
192,2024-02-13 20:00:00,1.1268985825999998,1.1282082
193,2024-02-14 00:00:00,1.1269416771999998,1.1282047
194,2024-02-14 04:00:00,1.1268905649999998,1.1281998
195,2024-02-14 08:00:00,1.1268935716,1.1281996
196,2024-02-14 12:00:00,1.1270278663999997,1.12821
197,2024-02-14 16:00:00,1.1270970182,1.1282268
198,2024-02-14 20:00:00,1.1271351018,1.1282458
199,2024-02-15 00:00:00,1.1270719631999997,1.1282672
200,2024-02-15 04:00:00,1.1271441216,1.1282899
201,2024-02-15 08:00:00,1.1271691765999998,1.128314
202,2024-02-15 12:00:00,1.1274277441999998,1.1283385
203,2024-02-15 16:00:00,1.1275039113999998,1.1283579
204,2024-02-15 20:00:00,1.1275429972,1.1283723
205,2024-02-16 00:00:00,1.1274147155999998,1.128381
206,2024-02-16 04:00:00,1.1274227331999997,1.128383
207,2024-02-16 08:00:00,1.127592105,1.1283762
208,2024-02-16 12:00:00,1.1275239554,1.1283604
209,2024-02-16 16:00:00,1.127587094,1.1283464
210,2024-02-16 20:00:00,1.1275660477999998,1.128334
211,2024-02-18 20:00:00,1.1276572479999998,1.1283251
212,2024-02-19 00:00:00,1.1275710587999999,1.1283185
213,2024-02-19 04:00:00,1.1276432172,1.1283109
214,2024-02-19 08:00:00,1.127587094,1.128305
215,2024-02-19 12:00:00,1.1274908827999999,1.1282958
216,2024-02-19 16:00:00,1.1276001225999999,1.1282772
217,2024-02-19 20:00:00,1.1275710587999999,1.1282542
218,2024-02-20 00:00:00,1.1274948915999998,1.1282332
219,2024-02-20 04:00:00,1.1275139333999997,1.1282129
220,2024-02-20 08:00:00,1.1278005625999998,1.1281965
221,2024-02-20 12:00:00,1.1280440971999999,1.1281897
222,2024-02-20 16:00:00,1.1278817408,1.1281921
223,2024-02-20 20:00:00,1.1279158156,1.128199
224,2024-02-21 00:00:00,1.1279959916,1.1282109
225,2024-02-21 04:00:00,1.1279248354,1.1282263
226,2024-02-21 08:00:00,1.1278075779999999,1.1282471
227,2024-02-21 12:00:00,1.1278687122,1.1282719
228,2024-02-21 16:00:00,1.1279829629999998,1.1283009
229,2024-02-21 20:00:00,1.1280200444,1.1283289
230,2024-02-22 00:00:00,1.1280751653999999,1.1283541
231,2024-02-22 04:00:00,1.1283497681999999,1.1283762
232,2024-02-22 08:00:00,1.1283918605999999,1.1283922
233,2024-02-22 12:00:00,1.1279198244,1.1284047
234,2024-02-22 16:00:00,1.1280410906,1.1284225
235,2024-02-22 20:00:00,1.1280711566,1.128436
236,2024-02-23 00:00:00,1.1280701544,1.128447
237,2024-02-23 04:00:00,1.1281122468,1.1284541
238,2024-02-23 08:00:00,1.1280891962,1.1284626
239,2024-02-23 12:00:00,1.1280240531999999,1.1284766
240,2024-02-23 16:00:00,1.1280471038,1.1285055
241,2024-02-23 20:00:00,1.1279919827999998,1.1285399
242,2024-02-25 20:00:00,1.1280080179999998,1.1285781
243,2024-02-26 00:00:00,1.1280030069999998,1.1286174
244,2024-02-26 04:00:00,1.1281393061999998,1.1286532
245,2024-02-26 08:00:00,1.1283377418,1.1286851
246,2024-02-26 12:00:00,1.1283277197999997,1.1287267
247,2024-02-26 16:00:00,1.1282806163999999,1.1287794
248,2024-02-26 20:00:00,1.1283217065999998,1.1288391
249,2024-02-27 00:00:00,1.1283467615999998,1.1288999
250,2024-02-27 04:00:00,1.1283788319999999,1.1289536
251,2024-02-27 08:00:00,1.1283948672,1.1290003
252,2024-02-27 12:00:00,1.1282876318,1.1290503
253,2024-02-27 16:00:00,1.1282605723999999,1.1290927
254,2024-02-27 20:00:00,1.1282285019999998,1.129126
255,2024-02-28 00:00:00,1.1281613545999998,1.1291541
256,2024-02-28 04:00:00,1.1280501103999998,1.1291771
257,2024-02-28 08:00:00,1.1279719387999998,1.1291959
258,2024-02-28 12:00:00,1.1281613545999998,1.1292115
259,2024-02-28 16:00:00,1.1281543392,1.1292181
260,2024-02-28 20:00:00,1.1282014426,1.1292181
261,2024-02-29 00:00:00,1.1281874118,1.1292149
262,2024-02-29 04:00:00,1.1281062335999998,1.1292123
263,2024-02-29 08:00:00,1.1281613545999998,1.1292081
264,2024-02-29 12:00:00,1.1280420928,1.129204
265,2024-02-29 16:00:00,1.1278426549999998,1.1291943
266,2024-02-29 20:00:00,1.127872721,1.1291839
267,2024-03-01 00:00:00,1.1279859695999999,1.1291741
268,2024-03-01 04:00:00,1.127942875,1.1291654
269,2024-03-01 08:00:00,1.1280050114,1.1291575
270,2024-03-01 12:00:00,1.1281683699999998,1.1291565
271,2024-03-01 16:00:00,1.1282305064,1.1291606
272,2024-03-01 20:00:00,1.1281864095999998,1.1291697
273,2024-03-03 20:00:00,1.1282345152,1.129184
274,2024-03-04 00:00:00,1.1282565635999997,1.1291971
275,2024-03-04 04:00:00,1.1283557813999998,1.1292062
276,2024-03-04 08:00:00,1.1283808363999999,1.1292144
277,2024-03-04 12:00:00,1.1284509904,1.1292009
278,2024-03-04 16:00:00,1.1283838429999997,1.1291747
279,2024-03-04 20:00:00,1.1283597901999998,1.1291373
280,2024-03-05 00:00:00,1.1283597901999998,1.1290916
281,2024-03-05 04:00:00,1.1282816186,1.1290437
282,2024-03-05 08:00:00,1.1283166956,1.1290013
283,2024-03-05 12:00:00,1.1285331708,1.1289623
284,2024-03-05 16:00:00,1.1283467615999998,1.1289281
285,2024-03-05 20:00:00,1.1283738209999998,1.1288978
286,2024-03-06 00:00:00,1.1283257154,1.1288702
287,2024-03-06 04:00:00,1.1284379617999998,1.1288465
288,2024-03-06 08:00:00,1.1285762653999998,1.1288291
289,2024-03-06 12:00:00,1.1288719144,1.1288207
290,2024-03-06 16:00:00,1.1287877295999997,1.128812
291,2024-03-06 20:00:00,1.1288147889999998,1.1287975
292,2024-03-07 00:00:00,1.1288258131999998,1.1287812
293,2024-03-07 04:00:00,1.1287566614,1.1287643
294,2024-03-07 08:00:00,1.1287586658,1.1287403
295,2024-03-07 12:00:00,1.1291194578,1.1287111
296,2024-03-07 16:00:00,1.1292888295999999,1.1286824
297,2024-03-07 20:00:00,1.1293299198,1.1286577
298,2024-03-08 00:00:00,1.1292938406,1.1286356
299,2024-03-08 04:00:00,1.1291565391999998,1.1286196
300,2024-03-08 08:00:00,1.1291655589999998,1.1286067
301,2024-03-08 12:00:00,1.1294301398,1.1285876
302,2024-03-08 16:00:00,1.1292367151999998,1.1285701
303,2024-03-08 20:00:00,1.1291685656,1.1285795
304,2024-03-10 20:00:00,1.1292467372,1.128613
305,2024-03-11 00:00:00,1.1292327063999998,1.128661
306,2024-03-11 04:00:00,1.1292417261999999,1.1287147
307,2024-03-11 08:00:00,1.1292497437999998,1.1287627
308,2024-03-11 12:00:00,1.1290923983999999,1.1287857
309,2024-03-11 16:00:00,1.1290813741999999,1.1287891
310,2024-03-11 20:00:00,1.1291244688,1.1287802
311,2024-03-12 00:00:00,1.1291835985999998,1.1287543
312,2024-03-12 04:00:00,1.1291395018,1.1287125
313,2024-03-12 08:00:00,1.1291555369999997,1.1286587
314,2024-03-12 12:00:00,1.1289961871999998,1.1285985
315,2024-03-12 16:00:00,1.1290773654,1.1285329
316,2024-03-12 20:00:00,1.1290873873999998,1.1284668
317,2024-03-13 00:00:00,1.1290984115999998,1.1284038
318,2024-03-13 04:00:00,1.1290873873999998,1.1283479
319,2024-03-13 08:00:00,1.129240724,1.1282996
320,2024-03-13 12:00:00,1.129255757,1.1282642
321,2024-03-13 16:00:00,1.1292928383999998,1.1282424
322,2024-03-13 20:00:00,1.1293509659999998,1.1282319
323,2024-03-14 00:00:00,1.1292427284,1.1282288
324,2024-03-14 04:00:00,1.1291725743999999,1.1282307
325,2024-03-14 08:00:00,1.1292347107999998,1.1282382
326,2024-03-14 12:00:00,1.1286955271999999,1.1282545
327,2024-03-14 16:00:00,1.128729602,1.128265
328,2024-03-14 20:00:00,1.1286464193999999,1.1282716
329,2024-03-15 00:00:00,1.1285882917999999,1.1282762
330,2024-03-15 04:00:00,1.1286273775999998,1.1282768
331,2024-03-15 08:00:00,1.1287546569999998,1.1282748
332,2024-03-15 12:00:00,1.1286955271999999,1.1282688
333,2024-03-15 16:00:00,1.1287115624,1.1282603
334,2024-03-15 20:00:00,1.1286885117999998,1.1282529
335,2024-03-17 20:00:00,1.1286544369999998,1.128241
336,2024-03-18 00:00:00,1.1286734788,1.1282301
337,2024-03-18 04:00:00,1.1287436327999998,1.1282123
338,2024-03-18 08:00:00,1.1288438527999998,1.1281842
339,2024-03-18 12:00:00,1.1286724765999998,1.128157
340,2024-03-18 16:00:00,1.1285121245999998,1.128126
341,2024-03-18 20:00:00,1.1285512104,1.1280956
342,2024-03-19 00:00:00,1.1285572235999999,1.12806
343,2024-03-19 04:00:00,1.1283658033999997,1.1280202
344,2024-03-19 08:00:00,1.1283217065999998,1.1279863
345,2024-03-19 12:00:00,1.1284028847999998,1.12796
346,2024-03-19 16:00:00,1.1284670255999998,1.1279395
347,2024-03-19 20:00:00,1.1284349552,1.1279235
348,2024-03-20 00:00:00,1.1285181377999998,1.1279129
349,2024-03-20 04:00:00,1.128474041,1.1279051
350,2024-03-20 08:00:00,1.1282435349999997,1.127898
351,2024-03-20 12:00:00,1.1283648011999998,1.127891
352,2024-03-20 16:00:00,1.1290292598,1.1278642
353,2024-03-20 20:00:00,1.1291936206,1.1278291
354,2024-03-21 00:00:00,1.1291705699999999,1.1277874
355,2024-03-21 04:00:00,1.1291074313999998,1.1277401
356,2024-03-21 08:00:00,1.1289160111999998,1.1276959
357,2024-03-21 12:00:00,1.1284229287999998,1.1276592
358,2024-03-21 16:00:00,1.1283858474,1.1276361
359,2024-03-21 20:00:00,1.1284369596,1.127623
360,2024-03-22 00:00:00,1.1281974337999998,1.1276174
361,2024-03-22 04:00:00,1.1280641411999999,1.1276209
362,2024-03-22 08:00:00,1.127977952,1.1276278
363,2024-03-22 12:00:00,1.1279759476,1.1276419
364,2024-03-22 16:00:00,1.1278737231999998,1.1276767
365,2024-03-22 20:00:00,1.1278827429999998,1.1277263
366,2024-03-24 20:00:00,1.1278887561999997,1.1277863
367,2024-03-25 00:00:00,1.127952897,1.1278523
368,2024-03-25 04:00:00,1.1279549013999999,1.1279254
369,2024-03-25 08:00:00,1.1281022247999997,1.127998
370,2024-03-25 12:00:00,1.1281844051999999,1.128072
371,2024-03-25 16:00:00,1.1282094602,1.1281316
372,2024-03-25 20:00:00,1.1281884139999998,1.12818
373,2024-03-26 00:00:00,1.1281854073999997,1.1282145
374,2024-03-26 04:00:00,1.1282405283999999,1.1282427
375,2024-03-26 08:00:00,1.1283868495999998,1.128264
376,2024-03-26 12:00:00,1.1280992181999998,1.1282812
377,2024-03-26 16:00:00,1.1281042291999999,1.1282936
378,2024-03-26 20:00:00,1.1281433149999998,1.128302
379,2024-03-27 00:00:00,1.1280791742,1.1283052
380,2024-03-27 04:00:00,1.1280801764,1.1283063
381,2024-03-27 08:00:00,1.1280270597999997,1.1283053
382,2024-03-27 12:00:00,1.1280210465999998,1.1282998
383,2024-03-27 16:00:00,1.128088194,1.1283028
384,2024-03-27 20:00:00,1.1279408705999998,1.1283126
385,2024-03-28 00:00:00,1.1280340751999998,1.1283292
386,2024-03-28 04:00:00,1.1278246154,1.1283469
387,2024-03-28 08:00:00,1.1276562458,1.1283642
388,2024-03-28 12:00:00,1.1278306286,1.1283833
389,2024-03-28 16:00:00,1.1276963338,1.1284007
390,2024-03-28 20:00:00,1.1277284041999998,1.1284163
391,2024-03-29 00:00:00,1.1275600345999999,1.1284312
392,2024-03-29 04:00:00,1.1274968959999998,1.1284424
393,2024-03-29 08:00:00,1.1276843074,1.1284516
394,2024-03-29 12:00:00,1.1277364217999999,1.1284592
395,2024-03-29 16:00:00,1.1277213888,1.1284194
396,2024-03-29 20:00:00,1.1277153755999998,1.1283524
397,2024-03-31 20:00:00,1.1277474459999999,1.1282676
398,2024-04-01 00:00:00,1.1277203865999998,1.1281756
399,2024-04-01 04:00:00,1.1276762898,1.128082
400,2024-04-01 08:00:00,1.1276562458,1.1279862
401,2024-04-01 12:00:00,1.1271421171999998,1.1278902
402,2024-04-01 16:00:00,1.1272343195999999,1.1278013
403,2024-04-01 20:00:00,1.1271882184,1.1277201
404,2024-04-02 00:00:00,1.1271160599999999,1.1276444
405,2024-04-02 04:00:00,1.1272343195999999,1.1275632
406,2024-04-02 08:00:00,1.127331533,1.127469
407,2024-04-02 12:00:00,1.1275059157999998,1.1273681
408,2024-04-02 16:00:00,1.1274968959999998,1.1272635
409,2024-04-02 20:00:00,1.1274958938,1.127161
410,2024-04-03 00:00:00,1.1275890983999999,1.1270671
411,2024-04-03 04:00:00,1.1275219509999999,1.1269854
412,2024-04-03 08:00:00,1.1276552435999998,1.1269182
413,2024-04-03 12:00:00,1.1280841851999999,1.1268625
414,2024-04-03 16:00:00,1.1281523347999998,1.1268128
415,2024-04-03 20:00:00,1.128198436,1.126763
416,2024-04-04 00:00:00,1.1282435349999997,1.1267142
417,2024-04-04 04:00:00,1.1283898561999999,1.1266631
418,2024-04-04 08:00:00,1.1283457593999997,1.1266149
419,2024-04-04 12:00:00,1.1284670255999998,1.1265802
420,2024-04-04 16:00:00,1.1281543392,1.1265504
421,2024-04-04 20:00:00,1.1281824007999999,1.1265233
422,2024-04-05 00:00:00,1.1280851874,1.1264987
423,2024-04-05 04:00:00,1.1282094602,1.1264793
424,2024-04-05 08:00:00,1.1281673677999997,1.1264633
425,2024-04-05 12:00:00,1.1282204844,1.1264545
426,2024-04-05 16:00:00,1.1281723787999998,1.1264536
427,2024-04-05 20:00:00,1.1281703743999998,1.1264691
428,2024-04-07 20:00:00,1.1281152533999999,1.1264943
429,2024-04-08 00:00:00,1.1281513326,1.1265293
430,2024-04-08 04:00:00,1.1281403084,1.1265701
431,2024-04-08 08:00:00,1.1280551213999999,1.1266115
432,2024-04-08 12:00:00,1.1283447571999998,1.1266447
433,2024-04-08 16:00:00,1.1283858474,1.1266646
434,2024-04-08 20:00:00,1.1284389639999999,1.1266742
435,2024-04-09 00:00:00,1.1283718165999999,1.1266737
436,2024-04-09 04:00:00,1.1283497681999999,1.1266736
437,2024-04-09 08:00:00,1.1284319485999998,1.126672
438,2024-04-09 12:00:00,1.1283748231999997,1.126671
439,2024-04-09 16:00:00,1.1283848452,1.1266705
440,2024-04-09 20:00:00,1.1284068935999998,1.1266695
441,2024-04-10 00:00:00,1.1283477638,1.1266702
442,2024-04-10 04:00:00,1.1283718165999999,1.1266738
443,2024-04-10 08:00:00,1.1283748231999997,1.1266778
444,2024-04-10 12:00:00,1.1271822051999998,1.126673
445,2024-04-10 16:00:00,1.1272543635999999,1.1266671
446,2024-04-10 20:00:00,1.1272263019999997,1.1266623
447,2024-04-11 00:00:00,1.1272623811999998,1.1266594
448,2024-04-11 04:00:00,1.1272463459999997,1.1266584
449,2024-04-11 08:00:00,1.127101027,1.1266683
450,2024-04-11 12:00:00,1.127025862,1.126683
451,2024-04-11 16:00:00,1.1271040335999998,1.1267083
452,2024-04-11 20:00:00,1.1270759719999999,1.1267428
453,2024-04-12 00:00:00,1.1269857739999998,1.1267823
454,2024-04-12 04:00:00,1.1266570524,1.1268247
455,2024-04-12 08:00:00,1.1263233197999998,1.1268605
456,2024-04-12 12:00:00,1.1262812273999998,1.1268904
457,2024-04-12 16:00:00,1.1261960403999998,1.1269139
458,2024-04-12 20:00:00,1.1261990469999998,1.1269373
459,2024-04-14 20:00:00,1.126274212,1.1269593
460,2024-04-15 00:00:00,1.1263333417999999,1.1269817
461,2024-04-15 04:00:00,1.1263954781999999,1.1270094
462,2024-04-15 08:00:00,1.1263624055999997,1.1270391
463,2024-04-15 12:00:00,1.1262481547999998,1.1270692
464,2024-04-15 16:00:00,1.1260777807999998,1.1271017
465,2024-04-15 20:00:00,1.1260607433999998,1.1271334
466,2024-04-16 00:00:00,1.1259264485999998,1.1271617
467,2024-04-16 04:00:00,1.1259915915999998,1.1271893
468,2024-04-16 08:00:00,1.1262381327999997,1.1272094
469,2024-04-16 12:00:00,1.1260918115999998,1.1272123
470,2024-04-16 16:00:00,1.1260326817999997,1.1272086
471,2024-04-16 20:00:00,1.1260236619999997,1.1271969
472,2024-04-17 00:00:00,1.1260847962,1.1271868
473,2024-04-17 04:00:00,1.1260667566,1.1271812
474,2024-04-17 08:00:00,1.1261689809999997,1.12718
475,2024-04-17 12:00:00,1.1262431437999998,1.1271806
476,2024-04-17 16:00:00,1.1265267664,1.1271834
477,2024-04-17 20:00:00,1.1265037157999997,1.1271893
478,2024-04-18 00:00:00,1.1266139577999998,1.1271946
479,2024-04-18 04:00:00,1.1266249819999998,1.1271958
480,2024-04-18 08:00:00,1.1265868983999998,1.1271939
481,2024-04-18 12:00:00,1.1264125155999998,1.1271956
482,2024-04-18 16:00:00,1.1262501591999998,1.1271857
483,2024-04-18 20:00:00,1.1262391349999998,1.1271641
484,2024-04-19 00:00:00,1.1261850162,1.1271329
485,2024-04-19 04:00:00,1.1263684187999998,1.1270926
486,2024-04-19 08:00:00,1.1263313374,1.1270494
487,2024-04-19 12:00:00,1.1263624055999997,1.1270105
488,2024-04-19 16:00:00,1.1263614033999998,1.1269789
489,2024-04-19 20:00:00,1.1263403572,1.1269578
490,2024-04-21 20:00:00,1.1263894649999997,1.1269555
491,2024-04-22 00:00:00,1.1264315574,1.1269654
492,2024-04-22 04:00:00,1.1263984848,1.1269835
493,2024-04-22 08:00:00,1.1261649721999998,1.1270016
494,2024-04-22 12:00:00,1.1262852361999998,1.1270199
495,2024-04-22 16:00:00,1.1263333417999999,1.1270458
496,2024-04-22 20:00:00,1.1263513814,1.1270766
497,2024-04-23 00:00:00,1.1263754341999999,1.1271116
498,2024-04-23 04:00:00,1.1266079446,1.1271477
499,2024-04-23 08:00:00,1.1265598389999998,1.1271873
500,2024-04-23 12:00:00,1.1267612811999999,1.1272365
501,2024-04-23 16:00:00,1.1268434615999998,1.1272881
502,2024-04-23 20:00:00,1.1268394527999999,1.1273377
503,2024-04-24 00:00:00,1.1268775363999999,1.1273832
504,2024-04-24 04:00:00,1.1266961382,1.1274264
505,2024-04-24 08:00:00,1.1267061602,1.1274647
506,2024-04-24 12:00:00,1.1266780986,1.1275023
507,2024-04-24 16:00:00,1.1268214131999998,1.1275402
508,2024-04-24 20:00:00,1.1268143978,1.1275722
509,2024-04-25 00:00:00,1.1268735276,1.127599
510,2024-04-25 04:00:00,1.1270248598,1.1276215
511,2024-04-25 08:00:00,1.1270178443999999,1.1276386
512,2024-04-25 12:00:00,1.1270188465999997,1.1276519
513,2024-04-25 16:00:00,1.1271100468,1.1276622
514,2024-04-25 20:00:00,1.1270829874,1.127666
515,2024-04-26 00:00:00,1.1270469081999999,1.1276627
516,2024-04-26 04:00:00,1.1271110489999998,1.1276515
517,2024-04-26 08:00:00,1.1269737475999997,1.1276342
518,2024-04-26 12:00:00,1.1266690788,1.1276163
519,2024-04-26 16:00:00,1.1268143978,1.1276023
520,2024-04-26 20:00:00,1.1267262042,1.1275879
521,2024-04-28 20:00:00,1.1268845518,1.1275746
522,2024-04-29 00:00:00,1.1269777563999999,1.1275629
523,2024-04-29 04:00:00,1.1269927893999998,1.127548
524,2024-04-29 08:00:00,1.1269597167999998,1.1275284
525,2024-04-29 12:00:00,1.1269827673999997,1.1275233
526,2024-04-29 16:00:00,1.127025862,1.1275325
527,2024-04-29 20:00:00,1.1269627234,1.1275513
528,2024-04-30 00:00:00,1.1268695187999997,1.1275737
529,2024-04-30 04:00:00,1.1268665122,1.1275995
530,2024-04-30 08:00:00,1.1270168422,1.127626
531,2024-04-30 12:00:00,1.1266520413999999,1.1276487
532,2024-04-30 16:00:00,1.1265397949999998,1.1276678
533,2024-04-30 20:00:00,1.1264736497999999,1.1276824
534,2024-05-01 00:00:00,1.1263784408,1.127694
535,2024-05-01 04:00:00,1.1264235398,1.1277032
536,2024-05-01 08:00:00,1.1265317773999997,1.1277119
537,2024-05-01 12:00:00,1.1266069423999998,1.1277252
538,2024-05-01 16:00:00,1.1267101689999999,1.1277434
539,2024-05-01 20:00:00,1.1269857739999998,1.1277618
540,2024-05-02 00:00:00,1.1269617211999998,1.1277808
541,2024-05-02 04:00:00,1.1269687365999999,1.1277977
542,2024-05-02 08:00:00,1.1268384506,1.1278124
543,2024-05-02 12:00:00,1.1268645078,1.1278267
544,2024-05-02 16:00:00,1.1270869961999999,1.1278502
545,2024-05-02 20:00:00,1.1271140555999999,1.1278794
546,2024-05-03 00:00:00,1.1271641655999998,1.1279092
547,2024-05-03 04:00:00,1.1271611589999997,1.1279428
548,2024-05-03 08:00:00,1.1272714009999998,1.1279775
549,2024-05-03 12:00:00,1.1275079201999998,1.1280127
550,2024-05-03 16:00:00,1.1274578102,1.1280584
551,2024-05-03 20:00:00,1.1274107067999999,1.1281177
552,2024-05-05 20:00:00,1.1273996826,1.1281863
553,2024-05-06 00:00:00,1.1274648256,1.1282581
554,2024-05-06 04:00:00,1.1274307507999999,1.1283242
555,2024-05-06 08:00:00,1.1275419949999999,1.1283802
556,2024-05-06 12:00:00,1.1276051336,1.1284304
557,2024-05-06 16:00:00,1.1274908827999999,1.1284708
558,2024-05-06 20:00:00,1.1274888784,1.1285033
559,2024-05-07 00:00:00,1.1275039113999998,1.1285255
560,2024-05-07 04:00:00,1.1274638233999998,1.1285397
561,2024-05-07 08:00:00,1.1274828652,1.1285417
562,2024-05-07 12:00:00,1.1274828652,1.1285453
563,2024-05-07 16:00:00,1.1273806407999998,1.1285509
564,2024-05-07 20:00:00,1.1273144955999999,1.1285561
565,2024-05-08 00:00:00,1.1272273041999998,1.1285629
566,2024-05-08 04:00:00,1.127201247,1.1285727
567,2024-05-08 08:00:00,1.1272764119999998,1.1285821
568,2024-05-08 12:00:00,1.1273646056,1.1285859
569,2024-05-08 16:00:00,1.1272693965999998,1.128586
570,2024-05-08 20:00:00,1.1272844296,1.1285833
571,2024-05-09 00:00:00,1.1272924471999999,1.1285788
572,2024-05-09 04:00:00,1.1271621612,1.1285715
573,2024-05-09 08:00:00,1.1270890005999998,1.1285661
574,2024-05-09 12:00:00,1.1275199465999999,1.1285638
575,2024-05-09 16:00:00,1.1276402105999999,1.1285579
576,2024-05-09 20:00:00,1.1276341974,1.1285508
577,2024-05-10 00:00:00,1.1275770719999998,1.1285425
578,2024-05-10 04:00:00,1.127627182,1.1285342
579,2024-05-10 08:00:00,1.1276091423999999,1.1285272
580,2024-05-10 12:00:00,1.1275379861999997,1.1285095
581,2024-05-10 16:00:00,1.1275349795999998,1.128489
582,2024-05-10 20:00:00,1.1275109267999999,1.1284614
583,2024-05-12 20:00:00,1.1275189443999998,1.1284316
584,2024-05-13 00:00:00,1.1275329751999998,1.1284037
585,2024-05-13 04:00:00,1.1275740654,1.1283777
586,2024-05-13 08:00:00,1.1277093623999999,1.1283624
587,2024-05-13 12:00:00,1.1277704966,1.1283458
588,2024-05-13 16:00:00,1.1277063557999998,1.1283233
589,2024-05-13 20:00:00,1.1277374239999998,1.128298
590,2024-05-14 00:00:00,1.1276933272,1.1282698
591,2024-05-14 04:00:00,1.1276883161999998,1.1282476
592,2024-05-14 08:00:00,1.1277424349999998,1.1282369
593,2024-05-14 12:00:00,1.1280000004,1.1282384
594,2024-05-14 16:00:00,1.12801804,1.1282475
595,2024-05-14 20:00:00,1.1279559035999998,1.1282605
596,2024-05-15 00:00:00,1.1280791742,1.1282756
597,2024-05-15 04:00:00,1.1280761676,1.1282926
598,2024-05-15 08:00:00,1.1281112446,1.1283104
599,2024-05-15 12:00:00,1.1284159133999998,1.1283307
600,2024-05-15 16:00:00,1.1286363973999998,1.1283526
601,2024-05-15 20:00:00,1.1287025426,1.1283747
602,2024-05-16 00:00:00,1.1286915184,1.1283966
603,2024-05-16 04:00:00,1.128564239,1.128424
604,2024-05-16 08:00:00,1.1284850651999998,1.1284535
605,2024-05-16 12:00:00,1.1285702521999998,1.1284858
606,2024-05-16 16:00:00,1.1284880717999997,1.1285163
607,2024-05-16 20:00:00,1.1284960893999998,1.1285378
608,2024-05-17 00:00:00,1.128408898,1.1285484
609,2024-05-17 04:00:00,1.1284068935999998,1.1285495
610,2024-05-17 08:00:00,1.1282495482,1.1285456
611,2024-05-17 12:00:00,1.1285051091999998,1.1285378
612,2024-05-17 16:00:00,1.1285431927999998,1.1285126
613,2024-05-17 20:00:00,1.1284930828,1.1284733
614,2024-05-19 20:00:00,1.1285431927999998,1.1284257
615,2024-05-20 00:00:00,1.1285983137999998,1.1283733
616,2024-05-20 04:00:00,1.128549206,1.1283237
617,2024-05-20 08:00:00,1.1284189199999999,1.1282822
618,2024-05-20 12:00:00,1.128423931,1.1282549
619,2024-05-20 16:00:00,1.1284159133999998,1.1282364
620,2024-05-20 20:00:00,1.1284209243999999,1.1282253
621,2024-05-21 00:00:00,1.1283778297999998,1.1282151
622,2024-05-21 04:00:00,1.1284630167999998,1.1282074
623,2024-05-21 08:00:00,1.1285011003999998,1.128213
624,2024-05-21 12:00:00,1.1283577857999998,1.1282248
625,2024-05-21 16:00:00,1.1283768276,1.1282424
626,2024-05-21 20:00:00,1.128358788,1.128261
627,2024-05-22 00:00:00,1.1283748231999997,1.1282822
628,2024-05-22 04:00:00,1.1283948672,1.1283029
629,2024-05-22 08:00:00,1.1280922027999998,1.1283189
630,2024-05-22 12:00:00,1.1281793941999998,1.1283323
631,2024-05-22 16:00:00,1.1280270597999997,1.1283606
632,2024-05-22 20:00:00,1.1280681499999998,1.128402
633,2024-05-23 00:00:00,1.1281212665999998,1.1284535
634,2024-05-23 04:00:00,1.1281082379999998,1.12851
635,2024-05-23 08:00:00,1.128323711,1.1285608
636,2024-05-23 12:00:00,1.1280801764,1.1285946
637,2024-05-23 16:00:00,1.1279188222,1.1286213
638,2024-05-23 20:00:00,1.1279338552,1.128643
639,2024-05-24 00:00:00,1.1278807385999998,1.1286607
640,2024-05-24 04:00:00,1.1280611345999998,1.1286734
641,2024-05-24 08:00:00,1.1282274998,1.1286799
642,2024-05-24 12:00:00,1.1283307263999998,1.1286803
643,2024-05-24 16:00:00,1.1283066735999998,1.1286756
644,2024-05-24 20:00:00,1.128278612,1.1286708
645,2024-05-26 20:00:00,1.1282846251999998,1.1286664
646,2024-05-27 00:00:00,1.1283086779999998,1.1286688
647,2024-05-27 04:00:00,1.1283227087999999,1.1286709
648,2024-05-27 08:00:00,1.1283918605999999,1.1286691
649,2024-05-27 12:00:00,1.1284139089999998,1.1286701
650,2024-05-27 16:00:00,1.1284159133999998,1.1286756
651,2024-05-27 20:00:00,1.1284329508,1.1286848
652,2024-05-28 00:00:00,1.1286033247999998,1.1286975
653,2024-05-28 04:00:00,1.1285933028,1.1287113
654,2024-05-28 08:00:00,1.1286594479999998,1.1287273
655,2024-05-28 12:00:00,1.1286003181999997,1.128709
656,2024-05-28 16:00:00,1.1284299441999999,1.1286658
657,2024-05-28 20:00:00,1.1283307263999998,1.1286074
658,2024-05-29 00:00:00,1.1282896362,1.1285323
659,2024-05-29 04:00:00,1.128338744,1.1284399
660,2024-05-29 08:00:00,1.1283146912,1.1283433
661,2024-05-29 12:00:00,1.1279268397999997,1.1282438
662,2024-05-29 16:00:00,1.1278346374,1.1281453
663,2024-05-29 20:00:00,1.1278286241999997,1.1280571
664,2024-05-30 00:00:00,1.1277965537999999,1.1279795
665,2024-05-30 04:00:00,1.1279017848,1.1279151
666,2024-05-30 08:00:00,1.1280020048,1.1278607
667,2024-05-30 12:00:00,1.1281803964,1.127802
668,2024-05-30 16:00:00,1.1281192621999998,1.1277444
669,2024-05-30 20:00:00,1.1281302863999998,1.1276927
670,2024-05-31 00:00:00,1.1280090202,1.127647
671,2024-05-31 04:00:00,1.1280461015999999,1.1276076
672,2024-05-31 08:00:00,1.1283447571999998,1.1275758
673,2024-05-31 12:00:00,1.1282776097999998,1.1275581
674,2024-05-31 16:00:00,1.128328722,1.1275808
675,2024-05-31 20:00:00,1.1282685899999998,1.1276162
676,2024-06-02 20:00:00,1.1283447571999998,1.1276618
677,2024-06-03 00:00:00,1.1283156933999998,1.1277101
678,2024-06-03 04:00:00,1.1282164756,1.1277606
679,2024-06-03 08:00:00,1.1282505503999998,1.1277986
680,2024-06-03 12:00:00,1.1287155711999999,1.1278154
681,2024-06-03 16:00:00,1.1288187978,1.1278111
682,2024-06-03 20:00:00,1.1288909561999998,1.1277912
683,2024-06-04 00:00:00,1.1288939627999999,1.1277623
684,2024-06-04 04:00:00,1.1287205822,1.1277158
685,2024-06-04 08:00:00,1.1284339529999998,1.1276546
686,2024-06-04 12:00:00,1.1285953072,1.1275873
687,2024-06-04 16:00:00,1.1286283797999999,1.1275219
688,2024-06-04 20:00:00,1.1286363973999998,1.1274592
689,2024-06-05 00:00:00,1.1286033247999998,1.1274014
690,2024-06-05 04:00:00,1.1285341729999998,1.1273497
691,2024-06-05 08:00:00,1.1284990959999999,1.1273036
692,2024-06-05 12:00:00,1.1284670255999998,1.1272668
693,2024-06-05 16:00:00,1.1285592279999999,1.1272427
694,2024-06-05 20:00:00,1.1285582258,1.1272322
695,2024-06-06 00:00:00,1.1287255931999998,1.1272345
696,2024-06-06 04:00:00,1.1286013203999998,1.1272395
697,2024-06-06 08:00:00,1.1284940849999998,1.1272459
698,2024-06-06 12:00:00,1.1286384017999997,1.12725
699,2024-06-06 16:00:00,1.1287115624,1.1272607
700,2024-06-06 20:00:00,1.1287356151999999,1.1272756
701,2024-06-07 00:00:00,1.1287646789999999,1.1272925
702,2024-06-07 04:00:00,1.1287456371999998,1.1273098
703,2024-06-07 08:00:00,1.1288017603999998,1.1273263
704,2024-06-07 12:00:00,1.1278817408,1.1273468
705,2024-06-07 16:00:00,1.1278196043999997,1.1273683
706,2024-06-07 20:00:00,1.1278346374,1.1273882
707,2024-06-09 20:00:00,1.1276051336,1.127407
708,2024-06-10 00:00:00,1.1273716209999998,1.1274221
709,2024-06-10 04:00:00,1.1274608167999998,1.1274275
710,2024-06-10 08:00:00,1.1273525791999999,1.127422
711,2024-06-10 12:00:00,1.1273164999999998,1.1274065
712,2024-06-10 16:00:00,1.127446786,1.127384
713,2024-06-10 20:00:00,1.1274497926,1.1273576
714,2024-06-11 00:00:00,1.1275019069999999,1.127334
715,2024-06-11 04:00:00,1.1274568079999998,1.1272985
716,2024-06-11 08:00:00,1.1271050357999999,1.1272609
717,2024-06-11 12:00:00,1.1271391106,1.1272252
718,2024-06-11 16:00:00,1.1272172821999997,1.1271914
719,2024-06-11 20:00:00,1.1272152778,1.1271608
720,2024-06-12 00:00:00,1.1272182843999998,1.1271318
721,2024-06-12 04:00:00,1.1272603768,1.1271073
722,2024-06-12 08:00:00,1.1274588124,1.1270943
723,2024-06-12 12:00:00,1.1282415305999998,1.127099
724,2024-06-12 16:00:00,1.1278827429999998,1.1271123
725,2024-06-12 20:00:00,1.1279448793999998,1.1271344
726,2024-06-13 00:00:00,1.1278857495999999,1.1271603
727,2024-06-13 04:00:00,1.1279599123999997,1.1271898
728,2024-06-13 08:00:00,1.1276492303999999,1.1272162
729,2024-06-13 12:00:00,1.1273696166,1.1272322
730,2024-06-13 16:00:00,1.1272222931999998,1.1272385
731,2024-06-13 20:00:00,1.1271902227999997,1.1272423
732,2024-06-14 00:00:00,1.1272172821999997,1.1272414
733,2024-06-14 04:00:00,1.1268905649999998,1.127238
734,2024-06-14 08:00:00,1.1267532636,1.1272267
735,2024-06-14 12:00:00,1.1268023714,1.1272105
736,2024-06-14 16:00:00,1.1268745297999998,1.1271868
737,2024-06-14 20:00:00,1.1268404549999997,1.1271589
738,2024-06-16 20:00:00,1.1268404549999997,1.1271287
739,2024-06-17 00:00:00,1.1268514791999997,1.1271026
740,2024-06-17 04:00:00,1.1268214131999998,1.1270802
741,2024-06-17 08:00:00,1.1269096068,1.1270622
742,2024-06-17 12:00:00,1.1270378883999999,1.1270537
743,2024-06-17 16:00:00,1.1271371061999997,1.1270505
744,2024-06-17 20:00:00,1.1272142755999999,1.1270529
745,2024-06-18 00:00:00,1.1270619411999998,1.1270533
746,2024-06-18 04:00:00,1.1270489125999998,1.1270537
747,2024-06-18 08:00:00,1.1269777563999999,1.1270547
748,2024-06-18 12:00:00,1.127201247,1.1270609
749,2024-06-18 16:00:00,1.1272052557999999,1.1270704
750,2024-06-18 20:00:00,1.1272022491999998,1.1270822
751,2024-06-19 00:00:00,1.1271932293999998,1.1271039
752,2024-06-19 04:00:00,1.1271832073999999,1.1271383
753,2024-06-19 08:00:00,1.1273245175999997,1.1271806
754,2024-06-19 12:00:00,1.1273084824,1.1272243
755,2024-06-19 16:00:00,1.1272643855999998,1.1272588
756,2024-06-19 20:00:00,1.127286434,1.12729
757,2024-06-20 00:00:00,1.1272353217999997,1.1273164
758,2024-06-20 04:00:00,1.1270629434,1.1273366
759,2024-06-20 08:00:00,1.1269627234,1.1273465
760,2024-06-20 12:00:00,1.1268885605999999,1.1273512
761,2024-06-20 16:00:00,1.12686551,1.1273565
762,2024-06-20 20:00:00,1.1268745297999998,1.1273661
763,2024-06-21 00:00:00,1.1269777563999999,1.1273788
764,2024-06-21 04:00:00,1.1265919093999999,1.1273917
765,2024-06-21 08:00:00,1.1267041557999997,1.1274102
766,2024-06-21 12:00:00,1.1267512591999997,1.127431
767,2024-06-21 16:00:00,1.1267312152,1.1274686
768,2024-06-21 20:00:00,1.1267332195999997,1.1275103
769,2024-06-23 20:00:00,1.1266921293999999,1.1275557
770,2024-06-24 00:00:00,1.1267312152,1.1275996
771,2024-06-24 04:00:00,1.126940675,1.127644
772,2024-06-24 08:00:00,1.1271731853999998,1.1276877
773,2024-06-24 12:00:00,1.1270859939999998,1.1277341
774,2024-06-24 16:00:00,1.1271771942,1.1277813
775,2024-06-24 20:00:00,1.1271381084,1.1278261
776,2024-06-25 00:00:00,1.127201247,1.1278716
777,2024-06-25 04:00:00,1.1270859939999998,1.1279186
778,2024-06-25 08:00:00,1.1269086045999999,1.1279606
779,2024-06-25 12:00:00,1.1268544857999998,1.1280006
780,2024-06-25 16:00:00,1.1269747498,1.128043
781,2024-06-25 20:00:00,1.1269066001999999,1.1280835
782,2024-06-26 00:00:00,1.1269256419999998,1.1281164
783,2024-06-26 04:00:00,1.1267532636,1.1281453
784,2024-06-26 08:00:00,1.126755268,1.1281718
785,2024-06-26 12:00:00,1.1266329995999997,1.1281946
786,2024-06-26 16:00:00,1.1266249819999998,1.1282141
787,2024-06-26 20:00:00,1.1266119533999999,1.128227
788,2024-06-27 00:00:00,1.1267231975999998,1.1282369
789,2024-06-27 04:00:00,1.1267161821999998,1.1282436
790,2024-06-27 08:00:00,1.1267422393999997,1.1282433
791,2024-06-27 12:00:00,1.1268845518,1.1282372
792,2024-06-27 16:00:00,1.1268434615999998,1.1282269
793,2024-06-27 20:00:00,1.1268915672,1.1282147
794,2024-06-28 00:00:00,1.1267362261999998,1.1282017
795,2024-06-28 04:00:00,1.1267843318,1.1281911
796,2024-06-28 08:00:00,1.1267863362,1.1281812
797,2024-06-28 12:00:00,1.1269276464,1.1281757
798,2024-06-28 16:00:00,1.1269266441999997,1.1281724
799,2024-06-28 20:00:00,1.1269346617999998,1.1281732
800,2024-06-30 20:00:00,1.1271651677999999,1.1281786
801,2024-07-01 00:00:00,1.1273445615999997,1.1281885
802,2024-07-01 04:00:00,1.1273615989999999,1.1282018
803,2024-07-01 08:00:00,1.1273054757999998,1.1282227
804,2024-07-01 12:00:00,1.1270849917999999,1.1282536
805,2024-07-01 16:00:00,1.1272002447999998,1.128288
806,2024-07-01 20:00:00,1.127181203,1.1283273
807,2024-07-02 00:00:00,1.1271381084,1.1283658
808,2024-07-02 04:00:00,1.1269967981999998,1.1284047
809,2024-07-02 08:00:00,1.1270549258,1.128447
810,2024-07-02 12:00:00,1.1271791986,1.1284949
811,2024-07-02 16:00:00,1.1272784163999998,1.1285462
812,2024-07-02 20:00:00,1.1272964559999998,1.1285977
813,2024-07-03 00:00:00,1.127251357,1.1286395
814,2024-07-03 04:00:00,1.127411709,1.1286759
815,2024-07-03 08:00:00,1.1273926671999999,1.1287078
816,2024-07-03 12:00:00,1.1278045713999998,1.1287386
817,2024-07-03 16:00:00,1.1276652656,1.1287701
818,2024-07-03 20:00:00,1.1277274019999999,1.1287955
819,2024-07-04 00:00:00,1.1276692743999999,1.1288155
820,2024-07-04 04:00:00,1.1277614768,1.1288294
821,2024-07-04 08:00:00,1.1277875339999999,1.1288403
822,2024-07-04 12:00:00,1.1279238331999997,1.1288501
823,2024-07-04 16:00:00,1.1279468838,1.1288519
824,2024-07-04 20:00:00,1.1279208265999998,1.128855
825,2024-07-05 00:00:00,1.1280360795999997,1.1288587
826,2024-07-05 04:00:00,1.1281082379999998,1.1288644
827,2024-07-05 08:00:00,1.1280080179999998,1.1288722
828,2024-07-05 12:00:00,1.1280952093999999,1.1288911
829,2024-07-05 16:00:00,1.1282325107999998,1.1289159
830,2024-07-05 20:00:00,1.1281884139999998,1.1289455
831,2024-07-07 20:00:00,1.1280741631999998,1.1289784
832,2024-07-08 00:00:00,1.1281322907999998,1.1290094
833,2024-07-08 04:00:00,1.1281864095999998,1.1290373
834,2024-07-08 08:00:00,1.1281523347999998,1.12906
835,2024-07-08 12:00:00,1.1281643611999999,1.1290725
836,2024-07-08 16:00:00,1.1280681499999998,1.1290717
837,2024-07-08 20:00:00,1.1281232709999998,1.1290628
838,2024-07-09 00:00:00,1.1280992181999998,1.1290442
839,2024-07-09 04:00:00,1.1279919827999998,1.1290194
840,2024-07-09 08:00:00,1.1279549013999999,1.1289937
841,2024-07-09 12:00:00,1.127942875,1.1289665
842,2024-07-09 16:00:00,1.1279599123999997,1.128936
843,2024-07-09 20:00:00,1.1279599123999997,1.1289045
844,2024-07-10 00:00:00,1.1280170377999998,1.1288815
845,2024-07-10 04:00:00,1.1279789541999998,1.1288623
846,2024-07-10 08:00:00,1.1280741631999998,1.1288453
847,2024-07-10 12:00:00,1.1280410906,1.12883
848,2024-07-10 16:00:00,1.1281052313999997,1.128814
849,2024-07-10 20:00:00,1.1281513326,1.1288013
850,2024-07-11 00:00:00,1.1281974337999998,1.1287918
851,2024-07-11 04:00:00,1.1282124668,1.128787
852,2024-07-11 08:00:00,1.1283658033999997,1.1287787
853,2024-07-11 12:00:00,1.1285161333999998,1.128761
854,2024-07-11 16:00:00,1.1284660234,1.1287367
855,2024-07-11 20:00:00,1.1285592279999999,1.1287073
856,2024-07-12 00:00:00,1.1285061114,1.1286752
857,2024-07-12 04:00:00,1.1285732588,1.1286409
858,2024-07-12 08:00:00,1.1286955271999999,1.1286005
859,2024-07-12 12:00:00,1.1288318264,1.1285641
860,2024-07-12 16:00:00,1.1288829385999997,1.1285347
861,2024-07-12 20:00:00,1.1288739187999999,1.128506
862,2024-07-14 20:00:00,1.1286754831999999,1.1284788
863,2024-07-15 00:00:00,1.1287596679999998,1.1284556
864,2024-07-15 04:00:00,1.1287757031999999,1.1284385
865,2024-07-15 08:00:00,1.128874921,1.128425
866,2024-07-15 12:00:00,1.1289380595999998,1.1284201
867,2024-07-15 16:00:00,1.1288067713999999,1.1284158
868,2024-07-15 20:00:00,1.1288007582,1.1284145
869,2024-07-16 00:00:00,1.128749646,1.1284177
870,2024-07-16 04:00:00,1.1288117823999997,1.1284202
871,2024-07-16 08:00:00,1.1288408462,1.1284269
872,2024-07-16 12:00:00,1.1286634567999998,1.1284348
873,2024-07-16 16:00:00,1.1288378395999998,1.1284432
874,2024-07-16 20:00:00,1.1288398439999998,1.1284503
875,2024-07-17 00:00:00,1.1288809342,1.1284554
876,2024-07-17 04:00:00,1.1289029825999999,1.1284626
877,2024-07-17 08:00:00,1.1291675633999998,1.1284641
878,2024-07-17 12:00:00,1.1291445128,1.1284513
879,2024-07-17 16:00:00,1.1291825963999997,1.1284299
880,2024-07-17 20:00:00,1.1292226844,1.1284052
881,2024-07-18 00:00:00,1.1291485216,1.1283772
882,2024-07-18 04:00:00,1.1291344907999998,1.1283497
883,2024-07-18 08:00:00,1.1290964071999998,1.1283222
884,2024-07-18 12:00:00,1.1289430705999999,1.1282982
885,2024-07-18 16:00:00,1.128789734,1.1282718
886,2024-07-18 20:00:00,1.1288228066,1.1282456
887,2024-07-19 00:00:00,1.1287025426,1.1282227
888,2024-07-19 04:00:00,1.1286975315999999,1.1282053
889,2024-07-19 08:00:00,1.1287506481999998,1.1281911
890,2024-07-19 12:00:00,1.1286985337999997,1.1281834
891,2024-07-19 16:00:00,1.1286123445999998,1.1281786
892,2024-07-19 20:00:00,1.1285983137999998,1.1281761
893,2024-07-21 20:00:00,1.1288077735999997,1.1281754
894,2024-07-22 00:00:00,1.1287346129999998,1.1281794
895,2024-07-22 04:00:00,1.1286905161999998,1.1281742
896,2024-07-22 08:00:00,1.1286764854,1.1281596
897,2024-07-22 12:00:00,1.1286173555999999,1.1281378
898,2024-07-22 16:00:00,1.1286915184,1.1281122
899,2024-07-22 20:00:00,1.1287085557999998,1.1280838
900,2024-07-23 00:00:00,1.1287606701999997,1.1280574
901,2024-07-23 04:00:00,1.1285792719999999,1.1280377
902,2024-07-23 08:00:00,1.128388854,1.1280338
903,2024-07-23 12:00:00,1.1283607923999999,1.1280726
904,2024-07-23 16:00:00,1.1283257154,1.1281385
905,2024-07-23 20:00:00,1.1283146912,1.1282198
906,2024-07-24 00:00:00,1.1282685899999998,1.1283083
907,2024-07-24 04:00:00,1.1281082379999998,1.1284056
908,2024-07-24 08:00:00,1.1282796141999998,1.1285113
909,2024-07-24 12:00:00,1.1283457593999997,1.1286236
910,2024-07-24 16:00:00,1.1282074558,1.1287328
911,2024-07-24 20:00:00,1.1281964315999997,1.1288362
912,2024-07-25 00:00:00,1.1282455394,1.1289278
913,2024-07-25 04:00:00,1.1283056714,1.1290088
914,2024-07-25 08:00:00,1.1282756053999998,1.1290684
915,2024-07-25 12:00:00,1.1284169155999997,1.1291069
916,2024-07-25 16:00:00,1.1282776097999998,1.1291324
917,2024-07-25 20:00:00,1.1283317285999999,1.1291498
918,2024-07-26 00:00:00,1.1284018825999997,1.1291592
919,2024-07-26 04:00:00,1.1283096801999999,1.1291593
920,2024-07-26 08:00:00,1.1284289419999998,1.1291555
921,2024-07-26 12:00:00,1.1283978737999998,1.1291496
922,2024-07-26 16:00:00,1.1283958693999998,1.1291432
923,2024-07-26 20:00:00,1.1283658033999997,1.1291364
924,2024-07-28 20:00:00,1.1283457593999997,1.1291312
925,2024-07-29 00:00:00,1.1284409683999999,1.1291302
926,2024-07-29 04:00:00,1.128263579,1.1291342
927,2024-07-29 08:00:00,1.1279949893999999,1.1291376
928,2024-07-29 12:00:00,1.1280070157999997,1.1291342
929,2024-07-29 16:00:00,1.1280551213999999,1.1291273
930,2024-07-29 20:00:00,1.1280080179999998,1.1291176
931,2024-07-30 00:00:00,1.1280390861999998,1.1291096
932,2024-07-30 04:00:00,1.1280050114,1.1291027
933,2024-07-30 08:00:00,1.1280601324,1.1290945
934,2024-07-30 12:00:00,1.1279047913999998,1.1290891
935,2024-07-30 16:00:00,1.1279238331999997,1.1290836
936,2024-07-30 20:00:00,1.1279749453999999,1.1290778
937,2024-07-31 00:00:00,1.128038084,1.1290702
938,2024-07-31 04:00:00,1.1279989981999998,1.1290623
939,2024-07-31 08:00:00,1.1280992181999998,1.1290576
940,2024-07-31 12:00:00,1.1280491082,1.1290569
941,2024-07-31 16:00:00,1.1280450993999998,1.1290594
942,2024-07-31 20:00:00,1.1280561236,1.1290658
943,2024-08-01 00:00:00,1.1281463215999998,1.1290761
944,2024-08-01 04:00:00,1.1278266198,1.129089
945,2024-08-01 08:00:00,1.1277354195999998,1.1291006
946,2024-08-01 12:00:00,1.1277033492,1.1291107
947,2024-08-01 16:00:00,1.1277143734,1.1291283
948,2024-08-01 20:00:00,1.1276813008,1.1291665
949,2024-08-02 00:00:00,1.1277474459999999,1.129217
950,2024-08-02 04:00:00,1.1278576879999997,1.1292719
951,2024-08-02 08:00:00,1.1281302863999998,1.1293334
952,2024-08-02 12:00:00,1.1289520903999999,1.1294031
953,2024-08-02 16:00:00,1.1289460772,1.1294755
954,2024-08-02 20:00:00,1.1289180155999998,1.129543
955,2024-08-04 20:00:00,1.1289230265999999,1.1296033
956,2024-08-05 00:00:00,1.1291254709999998,1.1296549
957,2024-08-05 04:00:00,1.1293078713999998,1.1297002
958,2024-08-05 08:00:00,1.1294501837999997,1.1297389
959,2024-08-05 12:00:00,1.1293820341999998,1.1297611
960,2024-08-05 16:00:00,1.1294080913999998,1.1297667
961,2024-08-05 20:00:00,1.129325911,1.1297598
962,2024-08-06 00:00:00,1.1293609879999997,1.1297464
963,2024-08-06 04:00:00,1.1290883896,1.1297324
964,2024-08-06 08:00:00,1.1289871673999998,1.1297213
965,2024-08-06 12:00:00,1.1290713522,1.1297141
966,2024-08-06 16:00:00,1.1291194578,1.1297214
967,2024-08-06 20:00:00,1.1290793698,1.1297365
968,2024-08-07 00:00:00,1.1289771453999997,1.1297584
969,2024-08-07 04:00:00,1.1290422883999998,1.129789
970,2024-08-07 08:00:00,1.1290523103999999,1.129826
971,2024-08-07 12:00:00,1.1290663412,1.1298655
972,2024-08-07 16:00:00,1.1290533126,1.1299152
973,2024-08-07 20:00:00,1.1290934005999997,1.1299753
974,2024-08-08 00:00:00,1.1291685656,1.1300405
975,2024-08-08 04:00:00,1.1292196777999999,1.1301028
976,2024-08-08 08:00:00,1.1291244688,1.1301645
977,2024-08-08 12:00:00,1.128950086,1.1302209
978,2024-08-08 16:00:00,1.1289791498,1.1302804
979,2024-08-08 20:00:00,1.1289691277999998,1.1303468
980,2024-08-09 00:00:00,1.1290483016,1.1304162
981,2024-08-09 04:00:00,1.1290382796,1.1304823
982,2024-08-09 08:00:00,1.1289801519999998,1.1305408
983,2024-08-09 12:00:00,1.1290613301999999,1.1305918
984,2024-08-09 16:00:00,1.1290072113999998,1.1306456
985,2024-08-09 20:00:00,1.1289871673999998,1.1307027
986,2024-08-11 20:00:00,1.1289470793999998,1.1307609
987,2024-08-12 00:00:00,1.1289601079999998,1.1308136
988,2024-08-12 04:00:00,1.1290412861999999,1.1308572
989,2024-08-12 08:00:00,1.1290793698,1.1308929
990,2024-08-12 12:00:00,1.1290994137999997,1.1309122
991,2024-08-12 16:00:00,1.1291344907999998,1.130918
992,2024-08-12 20:00:00,1.1291815941999999,1.130917
993,2024-08-13 00:00:00,1.1291896118,1.1309147
994,2024-08-13 04:00:00,1.1291214621999999,1.1309094
995,2024-08-13 08:00:00,1.1291224644,1.1309026
996,2024-08-13 12:00:00,1.129355977,1.1309168
997,2024-08-13 16:00:00,1.1297809098,1.1309503
998,2024-08-13 20:00:00,1.1297809098,1.1309961
999,2024-08-14 00:00:00,1.12972178,1.1310478
1000,2024-08-14 04:00:00,1.1298791253999998,1.1310992
1001,2024-08-14 08:00:00,1.130047495,1.131147
1002,2024-08-14 12:00:00,1.1300535081999998,1.1311841
1003,2024-08-14 16:00:00,1.1299512837999999,1.1312116
1004,2024-08-14 20:00:00,1.1299382552,1.1312299
1005,2024-08-15 00:00:00,1.1299021759999999,1.1312425
1006,2024-08-15 04:00:00,1.1299562948,1.1312518
1007,2024-08-15 08:00:00,1.1299552925999998,1.1312574
1008,2024-08-15 12:00:00,1.1296756787999997,1.1312588
1009,2024-08-15 16:00:00,1.1295624301999998,1.1312573
1010,2024-08-15 20:00:00,1.1295443905999998,1.131263
1011,2024-08-16 00:00:00,1.1295914939999998,1.1312708
1012,2024-08-16 04:00:00,1.1296716699999998,1.1312753
1013,2024-08-16 08:00:00,1.1297428261999998,1.1312741
1014,2024-08-16 12:00:00,1.1297819119999999,1.1312551
1015,2024-08-16 16:00:00,1.1300665367999998,1.1312271
1016,2024-08-16 20:00:00,1.1300334641999998,1.131189
1017,2024-08-18 20:00:00,1.1300685412,1.1311498
1018,2024-08-19 00:00:00,1.1302118557999998,1.1311158
1019,2024-08-19 04:00:00,1.1302499393999998,1.1310848
1020,2024-08-19 08:00:00,1.1302449283999998,1.1310444
1021,2024-08-19 12:00:00,1.1305145202,1.130995
1022,2024-08-19 16:00:00,1.1306598391999998,1.1309383
1023,2024-08-19 20:00:00,1.1306778787999998,1.1308804
1024,2024-08-20 00:00:00,1.130578661,1.1308216
1025,2024-08-20 04:00:00,1.1306899052,1.130769
1026,2024-08-20 08:00:00,1.1306317775999999,1.1307218
1027,2024-08-20 12:00:00,1.1308753122,1.1306721
1028,2024-08-20 16:00:00,1.131069739,1.1306204
1029,2024-08-20 20:00:00,1.1310998049999998,1.1305666
1030,2024-08-21 00:00:00,1.1310346619999998,1.1305132
1031,2024-08-21 04:00:00,1.1309665124,1.130464
1032,2024-08-21 08:00:00,1.1309715234,1.1304266
1033,2024-08-21 12:00:00,1.1312451239999999,1.1303961
1034,2024-08-21 16:00:00,1.1313413352,1.1303751
1035,2024-08-21 20:00:00,1.1313734055999998,1.1303631
1036,2024-08-22 00:00:00,1.1312711811999998,1.1303558
1037,2024-08-22 04:00:00,1.1311920074,1.1303486
1038,2024-08-22 08:00:00,1.1311920074,1.1303408
1039,2024-08-22 12:00:00,1.1309544859999998,1.1303254
1040,2024-08-22 16:00:00,1.1309083847999999,1.1303077
1041,2024-08-22 20:00:00,1.1309845519999997,1.1302888
1042,2024-08-23 00:00:00,1.1310717434,1.1302726
1043,2024-08-23 04:00:00,1.1310166223999998,1.130261
1044,2024-08-23 08:00:00,1.1310136158,1.1302536
1045,2024-08-23 12:00:00,1.1315788565999998,1.1302474
1046,2024-08-23 16:00:00,1.1317372042,1.1302541
1047,2024-08-23 20:00:00,1.131736202,1.1302682
1048,2024-08-25 20:00:00,1.1317181623999997,1.1302876
1049,2024-08-26 00:00:00,1.1316600347999999,1.1303086
1050,2024-08-26 04:00:00,1.1316329753999999,1.1303338
1051,2024-08-26 08:00:00,1.1314776343999997,1.1303635
1052,2024-08-26 12:00:00,1.1314615992,1.130395
1053,2024-08-26 16:00:00,1.1314205089999998,1.1304299
1054,2024-08-26 20:00:00,1.1314696168,1.1304681
1055,2024-08-27 00:00:00,1.1314926673999999,1.1305087
1056,2024-08-27 04:00:00,1.1314656079999998,1.1305492
1057,2024-08-27 08:00:00,1.131430531,1.1305846
1058,2024-08-27 12:00:00,1.1314225133999998,1.1306069
1059,2024-08-27 16:00:00,1.1316680523999998,1.1306202
1060,2024-08-27 20:00:00,1.1315948917999998,1.1306245
1061,2024-08-28 00:00:00,1.1314826453999998,1.1306239
1062,2024-08-28 04:00:00,1.1313874363999998,1.1306175
1063,2024-08-28 08:00:00,1.1310296509999997,1.1305994
1064,2024-08-28 12:00:00,1.131084772,1.1305687
1065,2024-08-28 16:00:00,1.1309564904,1.1305295
1066,2024-08-28 20:00:00,1.1310687367999999,1.1304849
1067,2024-08-29 00:00:00,1.1311809832,1.1304374
1068,2024-08-29 04:00:00,1.1311238577999998,1.1303911
1069,2024-08-29 08:00:00,1.1307821075999998,1.1303473
1070,2024-08-29 12:00:00,1.1306718655999999,1.1303049
1071,2024-08-29 16:00:00,1.1305806654,1.1302631
1072,2024-08-29 20:00:00,1.13062376,1.1302241
1073,2024-08-30 00:00:00,1.1305606214,1.1301862
1074,2024-08-30 04:00:00,1.1306638479999997,1.1301577
1075,2024-08-30 08:00:00,1.1306367886,1.1301378
1076,2024-08-30 12:00:00,1.1304203133999997,1.1301256
1077,2024-08-30 16:00:00,1.1303501593999998,1.1301073
1078,2024-08-30 20:00:00,1.1302790031999999,1.1300879
1079,2024-09-01 20:00:00,1.1302689811999997,1.1300651
1080,2024-09-02 00:00:00,1.1303070647999998,1.1300424
1081,2024-09-02 04:00:00,1.1304894652,1.1300187
1082,2024-09-02 08:00:00,1.1304193111999998,1.1299974
1083,2024-09-02 12:00:00,1.1305014916,1.1299888
1084,2024-09-02 16:00:00,1.1305455883999997,1.1300007
1085,2024-09-02 20:00:00,1.1304934739999999,1.1300296
1086,2024-09-03 00:00:00,1.1304022738,1.1300721
1087,2024-09-03 04:00:00,1.130383232,1.1301242
1088,2024-09-03 08:00:00,1.1301857986,1.1301775
1089,2024-09-03 12:00:00,1.1302449283999998,1.1302292
1090,2024-09-03 16:00:00,1.1302409195999998,1.1302751
1091,2024-09-03 20:00:00,1.1303080669999999,1.130313
1092,2024-09-04 00:00:00,1.1303631879999998,1.1303493
1093,2024-09-04 04:00:00,1.1303822297999997,1.130389
1094,2024-09-04 08:00:00,1.1303261065999999,1.1304334
1095,2024-09-04 12:00:00,1.1306327798,1.1304829
1096,2024-09-04 16:00:00,1.1306047181999999,1.1305331
1097,2024-09-04 20:00:00,1.1306247621999999,1.1305842
1098,2024-09-05 00:00:00,1.1305926917999998,1.1306337
1099,2024-09-05 04:00:00,1.1306949162,1.1306782
1100,2024-09-05 08:00:00,1.1307740899999998,1.1307218
1101,2024-09-05 12:00:00,1.1307760943999998,1.1307638
1102,2024-09-05 16:00:00,1.1308602791999998,1.1307949
1103,2024-09-05 20:00:00,1.1309344419999998,1.1308166
1104,2024-09-06 00:00:00,1.1309755322,1.1308331
1105,2024-09-06 04:00:00,1.1309825476,1.1308472
1106,2024-09-06 08:00:00,1.1308933518,1.1308608
1107,2024-09-06 12:00:00,1.1306798832,1.1308709
1108,2024-09-06 16:00:00,1.1307079448,1.1308751
1109,2024-09-06 20:00:00,1.1306488149999998,1.1308712
1110,2024-09-08 20:00:00,1.1306909073999998,1.1308651
1111,2024-09-09 00:00:00,1.1306227577999999,1.1308594
1112,2024-09-09 04:00:00,1.1304143001999998,1.1308647
1113,2024-09-09 08:00:00,1.1302709856,1.1308821
1114,2024-09-09 12:00:00,1.130237913,1.1309028
1115,2024-09-09 16:00:00,1.1302048404,1.1309309
1116,2024-09-09 20:00:00,1.1301747744,1.1309617
1117,2024-09-10 00:00:00,1.1302068447999998,1.1309954
1118,2024-09-10 04:00:00,1.130192814,1.1310285
1119,2024-09-10 08:00:00,1.1301346864,1.1310593
1120,2024-09-10 12:00:00,1.13007255,1.1310862
1121,2024-09-10 16:00:00,1.1300905895999998,1.1311103
1122,2024-09-10 20:00:00,1.1300224399999999,1.1311316
1123,2024-09-11 00:00:00,1.1302078469999999,1.1311489
1124,2024-09-11 04:00:00,1.1302349064,1.1311635
1125,2024-09-11 08:00:00,1.1302589591999999,1.1311525
1126,2024-09-11 12:00:00,1.1299422639999999,1.1311319
1127,2024-09-11 16:00:00,1.1299963827999997,1.1311091
1128,2024-09-11 20:00:00,1.1299242243999998,1.1310799
1129,2024-09-12 00:00:00,1.1299582992,1.1310463
1130,2024-09-12 04:00:00,1.1298981671999997,1.1310121
1131,2024-09-12 08:00:00,1.1299603035999999,1.1309842
1132,2024-09-12 12:00:00,1.1302238822,1.1309627
1133,2024-09-12 16:00:00,1.1305265465999998,1.1309546
1134,2024-09-12 20:00:00,1.1306127357999998,1.1309663
1135,2024-09-13 00:00:00,1.1306929117999998,1.1309966
1136,2024-09-13 04:00:00,1.1307480328,1.1310412
1137,2024-09-13 08:00:00,1.1306648501999998,1.1310911
1138,2024-09-13 12:00:00,1.1306678568,1.1311444
1139,2024-09-13 16:00:00,1.1306007094,1.1311771
1140,2024-09-13 20:00:00,1.1305556103999999,1.1311879
1141,2024-09-15 20:00:00,1.1306969205999997,1.1311842
1142,2024-09-16 00:00:00,1.130864288,1.1311747
1143,2024-09-16 04:00:00,1.1309745299999998,1.1311594
1144,2024-09-16 08:00:00,1.1310617213999998,1.1311482
1145,2024-09-16 12:00:00,1.1310496949999997,1.1311514
1146,2024-09-16 16:00:00,1.1311138358,1.1311625
1147,2024-09-16 20:00:00,1.1311158402,1.1311785
1148,2024-09-17 00:00:00,1.1310637257999998,1.1311942
1149,2024-09-17 04:00:00,1.1311859941999998,1.1311952
1150,2024-09-17 08:00:00,1.1312100469999997,1.1311975
1151,2024-09-17 12:00:00,1.1309975805999999,1.1311985
1152,2024-09-17 16:00:00,1.1309825476,1.1312009
1153,2024-09-17 20:00:00,1.131044684,1.1312034
1154,2024-09-18 00:00:00,1.1310867763999999,1.1312087
1155,2024-09-18 04:00:00,1.1311358841999999,1.1312112
1156,2024-09-18 08:00:00,1.1310687367999999,1.1312175
1157,2024-09-18 12:00:00,1.1309825476,1.1312355
1158,2024-09-18 16:00:00,1.1308803231999998,1.1312402
1159,2024-09-18 20:00:00,1.1309635057999998,1.1312319
1160,2024-09-19 00:00:00,1.131009607,1.131216
1161,2024-09-19 04:00:00,1.1312832076,1.131196
1162,2024-09-19 08:00:00,1.1314054759999999,1.1311654
1163,2024-09-19 12:00:00,1.1312932295999998,1.1311171
1164,2024-09-19 16:00:00,1.1314455639999998,1.1310519
1165,2024-09-19 20:00:00,1.1314185045999998,1.1309785
1166,2024-09-20 00:00:00,1.1314816431999999,1.1309012
1167,2024-09-20 04:00:00,1.1314525793999999,1.1308271
1168,2024-09-20 08:00:00,1.1314405529999998,1.1307569
1169,2024-09-20 12:00:00,1.1314134936,1.1306959
1170,2024-09-20 16:00:00,1.1314455639999998,1.1306341
1171,2024-09-20 20:00:00,1.1314515772,1.1305742
1172,2024-09-22 20:00:00,1.1314165001999998,1.130517
1173,2024-09-23 00:00:00,1.1314405529999998,1.1304603
1174,2024-09-23 04:00:00,1.1308372286,1.1304051
1175,2024-09-23 08:00:00,1.1310206311999997,1.1303573
1176,2024-09-23 12:00:00,1.1311268643999999,1.1303054
1177,2024-09-23 16:00:00,1.1309695189999998,1.1302587
1178,2024-09-23 20:00:00,1.1309334397999997,1.1302198
1179,2024-09-24 00:00:00,1.1309504771999999,1.1301848
1180,2024-09-24 04:00:00,1.1310967983999998,1.1301544
1181,2024-09-24 08:00:00,1.1311148379999998,1.13013
1182,2024-09-24 12:00:00,1.1313222933999998,1.1300834
1183,2024-09-24 16:00:00,1.1315918852,1.1300299
1184,2024-09-24 20:00:00,1.1317351997999998,1.1299726
1185,2024-09-25 00:00:00,1.1318063559999998,1.1299134
1186,2024-09-25 04:00:00,1.1317432174,1.1298565
1187,2024-09-25 08:00:00,1.1317853098,1.1298025
1188,2024-09-25 12:00:00,1.1312571503999997,1.1297556
1189,2024-09-25 16:00:00,1.1310837697999998,1.1297154
1190,2024-09-25 20:00:00,1.1311208511999997,1.1296803
1191,2024-09-26 00:00:00,1.131230091,1.1296507
1192,2024-09-26 04:00:00,1.1311729656,1.1296299
1193,2024-09-26 08:00:00,1.1313653879999999,1.1296203
1194,2024-09-26 12:00:00,1.1316540216,1.1296159
1195,2024-09-26 16:00:00,1.1316039115999998,1.1296085
1196,2024-09-26 20:00:00,1.1315948917999998,1.1296027
1197,2024-09-27 00:00:00,1.1315157179999997,1.1295967
1198,2024-09-27 04:00:00,1.131154926,1.1295881
1199,2024-09-27 08:00:00,1.1314495727999998,1.1295751
1200,2024-09-27 12:00:00,1.1314094847999998,1.1295573
1201,2024-09-27 16:00:00,1.1314656079999998,1.1295354
1202,2024-09-27 20:00:00,1.1314445617999997,1.1295073
1203,2024-09-29 20:00:00,1.1315147157999998,1.129477
1204,2024-09-30 00:00:00,1.1314064781999997,1.1294473
1205,2024-09-30 04:00:00,1.1315477883999998,1.1294172
1206,2024-09-30 08:00:00,1.1318013449999997,1.1293854
1207,2024-09-30 12:00:00,1.1312661701999998,1.1293517
1208,2024-09-30 16:00:00,1.1311509171999998,1.1293219
1209,2024-09-30 20:00:00,1.131190003,1.1292955
1210,2024-10-01 00:00:00,1.1312020293999998,1.129275
1211,2024-10-01 04:00:00,1.1309745299999998,1.1292613
1212,2024-10-01 08:00:00,1.1306688589999998,1.1292477
1213,2024-10-01 12:00:00,1.1304854563999998,1.1292387
1214,2024-10-01 16:00:00,1.130498485,1.1292303
1215,2024-10-01 20:00:00,1.1304674168,1.1292233
1216,2024-10-02 00:00:00,1.1305295532,1.1292127
1217,2024-10-02 04:00:00,1.1304884629999998,1.1292013
1218,2024-10-02 08:00:00,1.1305796631999998,1.1291906
1219,2024-10-02 12:00:00,1.1303170867999999,1.129175
1220,2024-10-02 16:00:00,1.1303110735999997,1.1291543
1221,2024-10-02 20:00:00,1.1302810075999998,1.1291299
1222,2024-10-03 00:00:00,1.1301797853999997,1.129106
1223,2024-10-03 04:00:00,1.1301527259999997,1.1290787
1224,2024-10-03 08:00:00,1.1302509415999997,1.129051
1225,2024-10-03 12:00:00,1.129967319,1.1290251
1226,2024-10-03 16:00:00,1.1301066248,1.1290008
1227,2024-10-03 20:00:00,1.1301737721999998,1.1289741
1228,2024-10-04 00:00:00,1.130092594,1.1289456
1229,2024-10-04 04:00:00,1.1301006115999999,1.12892
1230,2024-10-04 08:00:00,1.1301467127999998,1.128894
1231,2024-10-04 12:00:00,1.1294271331999999,1.1288736
1232,2024-10-04 16:00:00,1.1295844786,1.1288494
1233,2024-10-04 20:00:00,1.1295604257999998,1.1288183
1234,2024-10-06 20:00:00,1.1295263509999998,1.128784
1235,2024-10-07 00:00:00,1.1295403817999998,1.1287466
1236,2024-10-07 04:00:00,1.1295143246,1.1287094
1237,2024-10-07 08:00:00,1.1295884873999997,1.1286774
1238,2024-10-07 12:00:00,1.1295794676,1.1286398
1239,2024-10-07 16:00:00,1.1295443905999998,1.128597
1240,2024-10-07 20:00:00,1.1295634324,1.1285528
1241,2024-10-08 00:00:00,1.1296536303999998,1.1285131
1242,2024-10-08 04:00:00,1.1297728921999999,1.128479
1243,2024-10-08 08:00:00,1.1296977272,1.1284534
1244,2024-10-08 12:00:00,1.1295183333999999,1.1284363
1245,2024-10-08 16:00:00,1.1295995116,1.1284302
1246,2024-10-08 20:00:00,1.1295744565999999,1.1284323
1247,2024-10-09 00:00:00,1.1294992916,1.128441
1248,2024-10-09 04:00:00,1.1294231243999997,1.1284531
1249,2024-10-09 08:00:00,1.1293609879999997,1.1284602
1250,2024-10-09 12:00:00,1.1293269132,1.1284661
1251,2024-10-09 16:00:00,1.1292066491999997,1.1284572
1252,2024-10-09 20:00:00,1.1292307019999999,1.1284369
1253,2024-10-10 00:00:00,1.129255757,1.1284094
1254,2024-10-10 04:00:00,1.1291946227999998,1.1283793
1255,2024-10-10 08:00:00,1.1291304819999999,1.1283557
1256,2024-10-10 12:00:00,1.1290683456,1.1283302
1257,2024-10-10 16:00:00,1.1291645567999997,1.1282998
1258,2024-10-10 20:00:00,1.1291545347999998,1.1282636
1259,2024-10-11 00:00:00,1.129215669,1.1282254
1260,2024-10-11 04:00:00,1.1292667812,1.1281899
1261,2024-10-11 08:00:00,1.1291294797999998,1.1281496
1262,2024-10-11 12:00:00,1.1292327063999998,1.1281011
1263,2024-10-11 16:00:00,1.1291525303999999,1.1280549
1264,2024-10-11 20:00:00,1.1291735765999997,1.1280147
1265,2024-10-13 20:00:00,1.129050306,1.1279784
1266,2024-10-14 00:00:00,1.1290763631999998,1.1279491
1267,2024-10-14 04:00:00,1.1291024203999998,1.1279289
1268,2024-10-14 08:00:00,1.1289460772,1.1279159
1269,2024-10-14 12:00:00,1.1288879496,1.127912
1270,2024-10-14 16:00:00,1.1288578835999998,1.127924
1271,2024-10-14 20:00:00,1.128909998,1.1279439
1272,2024-10-15 00:00:00,1.1287837207999998,1.1279681
1273,2024-10-15 04:00:00,1.1288057691999998,1.1279949
1274,2024-10-15 08:00:00,1.1288278176,1.1280211
1275,2024-10-15 12:00:00,1.1288087757999998,1.1280422
1276,2024-10-15 16:00:00,1.1286875096,1.1280526
1277,2024-10-15 20:00:00,1.1286514303999997,1.1280545
1278,2024-10-16 00:00:00,1.1287285997999998,1.1280512
1279,2024-10-16 04:00:00,1.1286404062,1.128039
1280,2024-10-16 08:00:00,1.1287626746,1.1280298
1281,2024-10-16 12:00:00,1.1285431927999998,1.1280286
1282,2024-10-16 16:00:00,1.1283958693999998,1.128033
1283,2024-10-16 20:00:00,1.1284058914,1.1280398
1284,2024-10-17 00:00:00,1.1283487659999998,1.1280489
1285,2024-10-17 04:00:00,1.1283648011999998,1.1280556
1286,2024-10-17 08:00:00,1.1284509904,1.1280607
1287,2024-10-17 12:00:00,1.128183403,1.1280607
1288,2024-10-17 16:00:00,1.1280972137999998,1.1280564
1289,2024-10-17 20:00:00,1.1281092402,1.1280557
1290,2024-10-18 00:00:00,1.1282034469999997,1.1280595
1291,2024-10-18 04:00:00,1.1282274998,1.1280643
1292,2024-10-18 08:00:00,1.1283006603999999,1.1280715
1293,2024-10-18 12:00:00,1.1283537769999998,1.128082
1294,2024-10-18 16:00:00,1.1284570036,1.1281095
1295,2024-10-18 20:00:00,1.128474041,1.1281459
1296,2024-10-20 20:00:00,1.1285000981999997,1.1281866
1297,2024-10-21 00:00:00,1.1284810563999998,1.128225
1298,2024-10-21 04:00:00,1.128298656,1.1282637
1299,2024-10-21 08:00:00,1.1283758253999998,1.1283042
1300,2024-10-21 12:00:00,1.1280170377999998,1.1283394
1301,2024-10-21 16:00:00,1.1279709366,1.1283779
1302,2024-10-21 20:00:00,1.1279709366,1.1284193
1303,2024-10-22 00:00:00,1.1280080179999998,1.1284581
1304,2024-10-22 04:00:00,1.1281844051999999,1.1284902
1305,2024-10-22 08:00:00,1.127992985,1.1285166
1306,2024-10-22 12:00:00,1.127862699,1.12853
1307,2024-10-22 16:00:00,1.1277654856,1.1285295
1308,2024-10-22 20:00:00,1.1277795164,1.128518
1309,2024-10-23 00:00:00,1.1278386461999999,1.1285148
1310,2024-10-23 04:00:00,1.1276341974,1.1285285
1311,2024-10-23 08:00:00,1.1274477881999998,1.1285492
1312,2024-10-23 12:00:00,1.1276041314,1.1285828
1313,2024-10-23 16:00:00,1.1276742854,1.1286184
1314,2024-10-23 20:00:00,1.1276201665999999,1.128646
1315,2024-10-24 00:00:00,1.1276853096,1.1286651
1316,2024-10-24 04:00:00,1.1277725009999997,1.1286778
1317,2024-10-24 08:00:00,1.1277674899999999,1.1286907
1318,2024-10-24 12:00:00,1.1278667077999998,1.1287073
1319,2024-10-24 16:00:00,1.1281072358,1.1287265
1320,2024-10-24 20:00:00,1.1280551213999999,1.1287581
1321,2024-10-25 00:00:00,1.1280350773999999,1.1287978
1322,2024-10-25 04:00:00,1.1280601324,1.1287695
1323,2024-10-25 08:00:00,1.1280320708,1.128692
1324,2024-10-25 12:00:00,1.1279388661999998,1.128573
1325,2024-10-25 16:00:00,1.1277735032,1.1284418
1326,2024-10-25 20:00:00,1.1277624789999998,1.1283064
1327,2024-10-27 20:00:00,1.1277775119999998,1.1281732
1328,2024-10-28 00:00:00,1.1276452216,1.1280507
1329,2024-10-28 04:00:00,1.1278596924,1.1279457
1330,2024-10-28 08:00:00,1.1280120267999998,1.1278603
1331,2024-10-28 12:00:00,1.1280060135999999,1.1278119
1332,2024-10-28 16:00:00,1.1279699343999998,1.1277798
1333,2024-10-28 20:00:00,1.1279939872,1.1277661
1334,2024-10-29 00:00:00,1.127897776,1.1277585
1335,2024-10-29 04:00:00,1.127912809,1.127756
1336,2024-10-29 08:00:00,1.1278095823999998,1.1277581
1337,2024-10-29 12:00:00,1.127792545,1.1277499
1338,2024-10-29 16:00:00,1.1279569057999999,1.1277214
1339,2024-10-29 20:00:00,1.1280150333999999,1.127682
1340,2024-10-30 00:00:00,1.1279589101999998,1.1276344
1341,2024-10-30 04:00:00,1.1280090202,1.1275846
1342,2024-10-30 08:00:00,1.1280601324,1.1275251
1343,2024-10-30 12:00:00,1.1284560013999998,1.1274512
1344,2024-10-30 16:00:00,1.1284229287999998,1.1273648
1345,2024-10-30 20:00:00,1.1284008803999999,1.1272748
1346,2024-10-31 00:00:00,1.1283166956,1.127191
1347,2024-10-31 04:00:00,1.1284078958,1.1271052
1348,2024-10-31 08:00:00,1.1284990959999999,1.1270199
1349,2024-10-31 12:00:00,1.1283728188,1.1269333
1350,2024-10-31 16:00:00,1.1285923005999998,1.126846
1351,2024-10-31 20:00:00,1.1286584458,1.1267632
1352,2024-11-01 00:00:00,1.1285822786,1.1266885
1353,2024-11-01 04:00:00,1.1284980938,1.1266237
1354,2024-11-01 08:00:00,1.1284980938,1.1265621
1355,2024-11-01 12:00:00,1.1283026647999999,1.1265191
1356,2024-11-01 16:00:00,1.1281763875999997,1.1264712
1357,2024-11-01 20:00:00,1.1281453194,1.1264137
1358,2024-11-03 20:00:00,1.1285461994,1.126352
1359,2024-11-04 00:00:00,1.1288348329999998,1.1262827
1360,2024-11-04 04:00:00,1.1287316063999997,1.1262125
1361,2024-11-04 08:00:00,1.1289540947999999,1.1261358
1362,2024-11-04 12:00:00,1.1288117823999997,1.1260761
1363,2024-11-04 16:00:00,1.1286073336,1.1260197
1364,2024-11-04 20:00:00,1.128554217,1.1259617
1365,2024-11-05 00:00:00,1.1285762653999998,1.1259087
1366,2024-11-05 04:00:00,1.1287055492,1.125868
1367,2024-11-05 08:00:00,1.1288137867999999,1.1258451
1368,2024-11-05 12:00:00,1.1288398439999998,1.1258194
1369,2024-11-05 16:00:00,1.1291304819999999,1.1257939
1370,2024-11-05 20:00:00,1.1291595457999999,1.1257702
1371,2024-11-06 00:00:00,1.1272804208,1.1257473
1372,2024-11-06 04:00:00,1.1271581523999998,1.1257253
1373,2024-11-06 08:00:00,1.126895576,1.1257097
1374,2024-11-06 12:00:00,1.1271992425999997,1.1256971
1375,2024-11-06 16:00:00,1.1271671721999998,1.1256995
1376,2024-11-06 20:00:00,1.1271310929999998,1.1257185
1377,2024-11-07 00:00:00,1.1272142755999999,1.1257495
1378,2024-11-07 04:00:00,1.1273365439999998,1.1257883
1379,2024-11-07 08:00:00,1.1274056957999998,1.1258236
1380,2024-11-07 12:00:00,1.1279278419999998,1.1258489
1381,2024-11-07 16:00:00,1.1276341974,1.1258755
1382,2024-11-07 20:00:00,1.1277714987999998,1.1259042
1383,2024-11-08 00:00:00,1.1275981181999999,1.1259383
1384,2024-11-08 04:00:00,1.1276131511999998,1.1259682
1385,2024-11-08 08:00:00,1.1276462238,1.1259896
1386,2024-11-08 12:00:00,1.1272994626,1.1259948
1387,2024-11-08 16:00:00,1.1269516992,1.1259761
1388,2024-11-08 20:00:00,1.1269978003999999,1.1259487
1389,2024-11-10 20:00:00,1.1269476903999998,1.1259185
1390,2024-11-11 00:00:00,1.1269827673999997,1.1258909
1391,2024-11-11 04:00:00,1.1267141777999998,1.1258596
1392,2024-11-11 08:00:00,1.1264385728,1.1258215
1393,2024-11-11 12:00:00,1.1262872405999997,1.1257762
1394,2024-11-11 16:00:00,1.1263253242,1.1257182
1395,2024-11-11 20:00:00,1.1264455881999997,1.1256483
1396,2024-11-12 00:00:00,1.1261960403999998,1.1255751
1397,2024-11-12 04:00:00,1.1261339039999998,1.125507
1398,2024-11-12 08:00:00,1.1260016136,1.1254188
1399,2024-11-12 12:00:00,1.1259023957999998,1.1253185
1400,2024-11-12 16:00:00,1.1259374727999998,1.1252141
1401,2024-11-12 20:00:00,1.1259795651999998,1.1251146
1402,2024-11-13 00:00:00,1.1260046201999998,1.1250457
1403,2024-11-13 04:00:00,1.1258432659999997,1.1250004
1404,2024-11-13 08:00:00,1.126189025,1.1249628
1405,2024-11-13 12:00:00,1.1256989491999998,1.124944
1406,2024-11-13 16:00:00,1.1254674409999998,1.1249416
1407,2024-11-13 20:00:00,1.1254694453999998,1.1249574
1408,2024-11-14 00:00:00,1.1252890493999999,1.1249611
1409,2024-11-14 04:00:00,1.1253221219999998,1.1249697
1410,2024-11-14 08:00:00,1.1250996335999999,1.1249783
1411,2024-11-14 12:00:00,1.1255606455999998,1.1250025
1412,2024-11-14 16:00:00,1.1252890493999999,1.1250231
1413,2024-11-14 20:00:00,1.125106649,1.1250381
1414,2024-11-15 00:00:00,1.1252138844,1.1250558
1415,2024-11-15 04:00:00,1.1253772429999997,1.1250709
1416,2024-11-15 08:00:00,1.1255846983999998,1.1250896
1417,2024-11-15 12:00:00,1.1251637743999998,1.1251206
1418,2024-11-15 16:00:00,1.1251828162,1.1251758
1419,2024-11-15 20:00:00,1.1252058668,1.1252424
1420,2024-11-17 20:00:00,1.1251737964,1.1253138
1421,2024-11-18 00:00:00,1.1251527501999998,1.1253817
1422,2024-11-18 04:00:00,1.1252840383999998,1.1254401
1423,2024-11-18 08:00:00,1.1252349305999998,1.1254927
1424,2024-11-18 12:00:00,1.1255486192,1.1255394
1425,2024-11-18 16:00:00,1.1257209975999998,1.1255821
1426,2024-11-18 20:00:00,1.125758079,1.1256213
1427,2024-11-19 00:00:00,1.1257801273999999,1.1256616
1428,2024-11-19 04:00:00,1.1255877049999998,1.1257033
1429,2024-11-19 08:00:00,1.1254313617999998,1.1257377
1430,2024-11-19 12:00:00,1.1256789051999998,1.1257653
1431,2024-11-19 16:00:00,1.1257490592,1.1257939
1432,2024-11-19 20:00:00,1.125883354,1.1258202
1433,2024-11-20 00:00:00,1.1257099734,1.125832
1434,2024-11-20 04:00:00,1.1255957226,1.1258255
1435,2024-11-20 08:00:00,1.1253551945999998,1.1257988
1436,2024-11-20 12:00:00,1.1250254707999998,1.125767
1437,2024-11-20 16:00:00,1.1252068689999999,1.125712
1438,2024-11-20 20:00:00,1.1252680032,1.1256522
1439,2024-11-21 00:00:00,1.125342166,1.1255955
1440,2024-11-21 04:00:00,1.1251758008,1.1255393
1441,2024-11-21 08:00:00,1.1250114399999998,1.1254892
1442,2024-11-21 12:00:00,1.1249142265999998,1.125455
1443,2024-11-21 16:00:00,1.1246546567999998,1.1254307
1444,2024-11-21 20:00:00,1.1245003179999997,1.1254101
1445,2024-11-22 00:00:00,1.1245604499999997,1.1253948
1446,2024-11-22 04:00:00,1.1246716942,1.1253775
1447,2024-11-22 08:00:00,1.123974163,1.1253655
1448,2024-11-22 12:00:00,1.1239150331999999,1.1253558
1449,2024-11-22 16:00:00,1.1239180398,1.1253576
1450,2024-11-22 20:00:00,1.1240022245999999,1.1253612
1451,2024-11-24 20:00:00,1.1246035445999998,1.1253654
1452,2024-11-25 00:00:00,1.1245885115999998,1.1253737
1453,2024-11-25 04:00:00,1.1243139087999998,1.1253892
1454,2024-11-25 08:00:00,1.1246035445999998,1.1254095
1455,2024-11-25 12:00:00,1.1246947448,1.1254458
1456,2024-11-25 16:00:00,1.1248661209999997,1.1254975
1457,2024-11-25 20:00:00,1.1242467614,1.1255572
1458,2024-11-26 00:00:00,1.1245895138,1.1256157
1459,2024-11-26 04:00:00,1.1245303839999998,1.1256741
1460,2024-11-26 08:00:00,1.1249432903999999,1.1257308
1461,2024-11-26 12:00:00,1.1246065511999999,1.1257747
1462,2024-11-26 16:00:00,1.1245373993999999,1.1258047
1463,2024-11-26 20:00:00,1.1247288195999998,1.1258285
1464,2024-11-27 00:00:00,1.1246396237999998,1.1258463
1465,2024-11-27 04:00:00,1.1247929604,1.1258483
1466,2024-11-27 08:00:00,1.1250725741999998,1.12585
1467,2024-11-27 12:00:00,1.1255185531999998,1.1258531
1468,2024-11-27 16:00:00,1.1254403815999998,1.1258656
1469,2024-11-27 20:00:00,1.1254313617999998,1.1258702
1470,2024-11-28 00:00:00,1.1253341484,1.1258694
1471,2024-11-28 04:00:00,1.1252269129999999,1.1258655
1472,2024-11-28 08:00:00,1.1253121,1.1258566
1473,2024-11-28 12:00:00,1.1253371549999998,1.1258379
1474,2024-11-28 16:00:00,1.1253782451999998,1.125803
1475,2024-11-28 20:00:00,1.1254123199999997,1.125767
1476,2024-11-29 00:00:00,1.1255486192,1.1257335
1477,2024-11-29 04:00:00,1.1256077489999998,1.125702
1478,2024-11-29 08:00:00,1.125437375,1.1256589
1479,2024-11-29 12:00:00,1.1254243463999998,1.1256146
1480,2024-11-29 16:00:00,1.1256077489999998,1.1255667
1481,2024-11-29 20:00:00,1.1255606455999998,1.1255184
1482,2024-12-01 20:00:00,1.1252509657999998,1.1254777
1483,2024-12-02 00:00:00,1.125046517,1.1254438
1484,2024-12-02 04:00:00,1.1248380593999998,1.1254202
1485,2024-12-02 08:00:00,1.1250405037999998,1.1253995
1486,2024-12-02 12:00:00,1.1245003179999997,1.1253701
1487,2024-12-02 16:00:00,1.1247137865999999,1.1253364
1488,2024-12-02 20:00:00,1.1248190176,1.1253009
1489,2024-12-03 00:00:00,1.1247137865999999,1.1252607
1490,2024-12-03 04:00:00,1.1247909559999998,1.1252184
1491,2024-12-03 08:00:00,1.1250374972,1.125188
1492,2024-12-03 12:00:00,1.1249773652,1.1251671
1493,2024-12-03 16:00:00,1.1248560989999998,1.1251558
1494,2024-12-03 20:00:00,1.1249102178,1.1251545
1495,2024-12-04 00:00:00,1.1247468591999998,1.1251632
1496,2024-12-04 04:00:00,1.1249011979999999,1.125179
1497,2024-12-04 08:00:00,1.1248591056,1.1251966
1498,2024-12-04 12:00:00,1.1251056467999998,1.125209
1499,2024-12-04 16:00:00,1.1249493035999998,1.1252233
1500,2024-12-04 20:00:00,1.1249342705999998,1.1252395
1501,2024-12-05 00:00:00,1.1250405037999998,1.125259
1502,2024-12-05 04:00:00,1.1251647766,1.1252781
1503,2024-12-05 08:00:00,1.1251758008,1.1252904
1504,2024-12-05 12:00:00,1.1255345883999999,1.1252952
1505,2024-12-05 16:00:00,1.1256859205999998,1.1252974
1506,2024-12-05 20:00:00,1.125677903,1.1252937
1507,2024-12-06 00:00:00,1.1255716697999998,1.1252884
1508,2024-12-06 04:00:00,1.1256488392,1.125284
1509,2024-12-06 08:00:00,1.1256819117999999,1.1252795
1510,2024-12-06 12:00:00,1.1254453925999999,1.1252754
1511,2024-12-06 16:00:00,1.1253551945999998,1.1252626
1512,2024-12-06 20:00:00,1.1254854805999999,1.1252077
1513,2024-12-08 20:00:00,1.1254684431999997,1.1251161
1514,2024-12-09 00:00:00,1.1251838183999998,1.125013
1515,2024-12-09 04:00:00,1.1254544123999999,1.1249129
1516,2024-12-09 08:00:00,1.1255005135999998,1.1248224
1517,2024-12-09 12:00:00,1.1257240041999999,1.1247338
1518,2024-12-09 16:00:00,1.1253642143999998,1.1246433
1519,2024-12-09 20:00:00,1.1253531901999998,1.1245569
1520,2024-12-10 00:00:00,1.1253762407999999,1.1244758
1521,2024-12-10 04:00:00,1.1253000735999998,1.12441
1522,2024-12-10 08:00:00,1.1251236863999998,1.1243608
1523,2024-12-10 12:00:00,1.1248480813999997,1.1243273
1524,2024-12-10 16:00:00,1.1250795895999999,1.1243244
1525,2024-12-10 20:00:00,1.1251226842,1.1243353
1526,2024-12-11 00:00:00,1.1250936204,1.1243585
1527,2024-12-11 04:00:00,1.1247097778,1.1243911
1528,2024-12-11 08:00:00,1.1248440726,1.1244185
1529,2024-12-11 12:00:00,1.1247167932,1.1244359
1530,2024-12-11 16:00:00,1.1247218042,1.1244422
1531,2024-12-11 20:00:00,1.1248721341999999,1.1244482
1532,2024-12-12 00:00:00,1.1248641166,1.1244507
1533,2024-12-12 04:00:00,1.1249743585999998,1.1244456
1534,2024-12-12 08:00:00,1.1248360549999998,1.1244355
1535,2024-12-12 12:00:00,1.1245384016,1.1244241
1536,2024-12-12 16:00:00,1.1245363971999998,1.124411
1537,2024-12-12 20:00:00,1.1245464191999999,1.1243978
1538,2024-12-13 00:00:00,1.1244121243999998,1.1243862
1539,2024-12-13 04:00:00,1.1244021024,1.1243799
1540,2024-12-13 08:00:00,1.1246977513999998,1.1243757
1541,2024-12-13 12:00:00,1.124700758,1.1243728
1542,2024-12-13 16:00:00,1.1247568812,1.1243716
1543,2024-12-13 20:00:00,1.1248280374,1.1243703
1544,2024-12-15 20:00:00,1.1249072111999998,1.1243705
1545,2024-12-16 00:00:00,1.1249282574,1.1243745
1546,2024-12-16 04:00:00,1.1248591056,1.1243842
1547,2024-12-16 08:00:00,1.1247167932,1.1243992
1548,2024-12-16 12:00:00,1.1248761429999998,1.1244134
1549,2024-12-16 16:00:00,1.1249102178,1.1244304
1550,2024-12-16 20:00:00,1.1249813739999999,1.1244547
1551,2024-12-17 00:00:00,1.1249332684,1.1244767
1552,2024-12-17 04:00:00,1.1247859449999997,1.1244986
1553,2024-12-17 08:00:00,1.1247238085999998,1.1245173
1554,2024-12-17 12:00:00,1.1247999757999998,1.1245353
1555,2024-12-17 16:00:00,1.1246937425999999,1.1245506
1556,2024-12-17 20:00:00,1.1247548768,1.1245637
1557,2024-12-18 00:00:00,1.1248009779999997,1.1245834
1558,2024-12-18 04:00:00,1.1247789296,1.1245805
1559,2024-12-18 08:00:00,1.1247769251999997,1.1245687
1560,2024-12-18 12:00:00,1.1245484235999998,1.1245544
1561,2024-12-18 16:00:00,1.1235823027999998,1.1245402
1562,2024-12-18 20:00:00,1.1233137131999997,1.1245279
1563,2024-12-19 00:00:00,1.1235903204,1.1245172
1564,2024-12-19 04:00:00,1.1237576878,1.1244864
1565,2024-12-19 08:00:00,1.1238428748,1.1244437
1566,2024-12-19 12:00:00,1.1236073577999999,1.1243932
1567,2024-12-19 16:00:00,1.1234209486,1.1243389
1568,2024-12-19 20:00:00,1.1234510145999999,1.1242924
1569,2024-12-20 00:00:00,1.1234259595999998,1.1242497
1570,2024-12-20 04:00:00,1.1236364215999999,1.1242001
1571,2024-12-20 08:00:00,1.123723613,1.1241256
1572,2024-12-20 12:00:00,1.1237757273999998,1.1240282
1573,2024-12-20 16:00:00,1.1242567834,1.1239256
1574,2024-12-20 20:00:00,1.1240633588,1.1238245
1575,2024-12-22 20:00:00,1.1241455392,1.1237328
1576,2024-12-23 00:00:00,1.1242016623999997,1.1236582
1577,2024-12-23 04:00:00,1.1239360793999997,1.1235955
1578,2024-12-23 08:00:00,1.1238077977999998,1.1235484
1579,2024-12-23 12:00:00,1.1237165975999999,1.1235163
1580,2024-12-23 16:00:00,1.1239230508,1.1234952
1581,2024-12-23 20:00:00,1.123848888,1.1234869
1582,2024-12-24 00:00:00,1.1237165975999999,1.1234918
1583,2024-12-24 04:00:00,1.1237125888,1.123542
1584,2024-12-24 08:00:00,1.1237556833999998,1.1236099
1585,2024-12-24 12:00:00,1.1237256173999999,1.1236856
1586,2024-12-24 16:00:00,1.1237386459999998,1.1237613
1587,2024-12-24 20:00:00,1.1237606943999998,1.123837
1588,2024-12-25 00:00:00,1.1238589099999998,1.1239178
1589,2024-12-25 04:00:00,1.1238128088,1.1239978
1590,2024-12-25 20:00:00,1.1237997802,1.1240582
1591,2024-12-26 00:00:00,1.1238178197999997,1.1240959
1592,2024-12-26 04:00:00,1.1237847471999998,1.1241108
1593,2024-12-26 08:00:00,1.1238208263999998,1.1241118
1594,2024-12-26 12:00:00,1.1238979957999997,1.1240969
1595,2024-12-26 16:00:00,1.1239841849999999,1.1240587
1596,2024-12-26 20:00:00,1.1240252752,1.1240078
1597,2024-12-27 00:00:00,1.1239340749999998,1.1239532
1598,2024-12-27 04:00:00,1.1240272796,1.1238999
1599,2024-12-27 08:00:00,1.1241956491999998,1.1238494
1600,2024-12-27 12:00:00,1.1240282817999998,1.1237953
1601,2024-12-27 16:00:00,1.1240914203999999,1.1237452
1602,2024-12-27 20:00:00,1.1240342949999997,1.1236992
1603,2024-12-29 20:00:00,1.1241014424,1.1236577
1604,2024-12-30 00:00:00,1.124054339,1.1236203
1605,2024-12-30 04:00:00,1.1240763873999997,1.1235882
1606,2024-12-30 08:00:00,1.1242888538,1.1235608
1607,2024-12-30 12:00:00,1.1236123688,1.1235392
1608,2024-12-30 16:00:00,1.1237737229999998,1.1235029
1609,2024-12-30 20:00:00,1.1238649231999998,1.1234561
1610,2024-12-31 00:00:00,1.123893987,1.123402
1611,2024-12-31 04:00:00,1.1239270596,1.123346
1612,2024-12-31 08:00:00,1.1239120265999998,1.1232803
1613,2024-12-31 12:00:00,1.1233548033999998,1.1232111
1614,2024-12-31 16:00:00,1.1233548033999998,1.1231347
1615,2024-12-31 20:00:00,1.1233337571999997,1.1230572
1616,2025-01-01 20:00:00,1.1233147153999998,1.1229861
1617,2025-01-02 00:00:00,1.123523173,1.1229446
1618,2025-01-02 04:00:00,1.1234349793999998,1.122919
1619,2025-01-02 08:00:00,1.1231283062,1.1229081
1620,2025-01-02 12:00:00,1.1225470301999998,1.122908
1621,2025-01-02 16:00:00,1.1223155219999998,1.1229306
1622,2025-01-02 20:00:00,1.1224838916,1.1229692
1623,2025-01-03 00:00:00,1.1225129554,1.12302
1624,2025-01-03 04:00:00,1.1226131753999997,1.1230757
1625,2025-01-03 08:00:00,1.1227785383999997,1.1231334
1626,2025-01-03 12:00:00,1.1226973601999999,1.1231881
1627,2025-01-03 16:00:00,1.1228186264,1.1232405
1628,2025-01-03 20:00:00,1.1228727451999998,1.1232835
1629,2025-01-05 20:00:00,1.1228577121999999,1.1233191
1630,2025-01-06 00:00:00,1.1229699586,1.1233455
1631,2025-01-06 04:00:00,1.1230791983999997,1.1233678
1632,2025-01-06 08:00:00,1.1240262773999998,1.1233834
1633,2025-01-06 12:00:00,1.123743657,1.1233981
1634,2025-01-06 16:00:00,1.1236905403999997,1.1234118
1635,2025-01-06 20:00:00,1.1236394282,1.1234242
1636,2025-01-07 00:00:00,1.1237356393999998,1.1234349
1637,2025-01-07 04:00:00,1.1239541189999998,1.1234378
1638,2025-01-07 08:00:00,1.1239420925999999,1.1234431
1639,2025-01-07 12:00:00,1.1235351993999998,1.1234474
1640,2025-01-07 16:00:00,1.1233588122,1.1234423
1641,2025-01-07 20:00:00,1.123222513,1.1234291
1642,2025-01-08 00:00:00,1.1232846494,1.1234142
1643,2025-01-08 04:00:00,1.1231313127999998,1.1234089
1644,2025-01-08 08:00:00,1.1227825472,1.1234144
1645,2025-01-08 12:00:00,1.1228226352,1.1234307
1646,2025-01-08 16:00:00,1.122896798,1.1234828
1647,2025-01-08 20:00:00,1.1229388903999997,1.1235648
1648,2025-01-09 00:00:00,1.122916842,1.1236643
1649,2025-01-09 04:00:00,1.1227153998,1.1237587
1650,2025-01-09 08:00:00,1.1228176241999999,1.1238402
1651,2025-01-09 12:00:00,1.1227985824,1.1239011
1652,2025-01-09 16:00:00,1.1227855537999998,1.1239634
1653,2025-01-09 20:00:00,1.1227705207999998,1.12403
1654,2025-01-10 00:00:00,1.122791567,1.1240922
1655,2025-01-10 04:00:00,1.1227765339999998,1.1241513
1656,2025-01-10 08:00:00,1.1228226352,1.1242058
1657,2025-01-10 12:00:00,1.1223085065999998,1.1242666
1658,2025-01-10 16:00:00,1.1222593987999998,1.1243204
1659,2025-01-10 20:00:00,1.1222052799999997,1.1243674
1660,2025-01-12 20:00:00,1.1222343438,1.1244025
1661,2025-01-13 00:00:00,1.1219577366,1.1244289
1662,2025-01-13 04:00:00,1.1219567343999999,1.1244444
1663,2025-01-13 08:00:00,1.1217623075999998,1.1244531
1664,2025-01-13 12:00:00,1.1217723295999997,1.1244544
1665,2025-01-13 16:00:00,1.1218755561999998,1.1244605
1666,2025-01-13 20:00:00,1.1224448057999998,1.1244669
1667,2025-01-14 00:00:00,1.1222914692,1.1244853
1668,2025-01-14 04:00:00,1.1223485945999998,1.1245166
1669,2025-01-14 08:00:00,1.1223455879999997,1.1245654
1670,2025-01-14 12:00:00,1.1227554878,1.1246358
1671,2025-01-14 16:00:00,1.1227875581999998,1.1247101
1672,2025-01-14 20:00:00,1.1228687363999998,1.1247826
1673,2025-01-15 00:00:00,1.1228256417999998,1.1248413
1674,2025-01-15 04:00:00,1.1228647276,1.1248882
1675,2025-01-15 08:00:00,1.1228176241999999,1.1249204
1676,2025-01-15 12:00:00,1.1228677341999997,1.1249623
1677,2025-01-15 16:00:00,1.1227384504,1.1250037
1678,2025-01-15 20:00:00,1.12275649,1.1250409
1679,2025-01-16 00:00:00,1.1226943535999998,1.1250521
1680,2025-01-16 04:00:00,1.1227815449999998,1.1250423
1681,2025-01-16 08:00:00,1.1227073821999998,1.1250201
1682,2025-01-16 12:00:00,1.1228146175999998,1.1249859
1683,2025-01-16 16:00:00,1.1228256417999998,1.1249454
1684,2025-01-16 20:00:00,1.1228206307999997,1.1249067
1685,2025-01-17 00:00:00,1.1228116109999997,1.1248678
1686,2025-01-17 04:00:00,1.1226502567999999,1.1248347
1687,2025-01-17 08:00:00,1.122851699,1.1247988
1688,2025-01-17 12:00:00,1.1227955758,1.124757
1689,2025-01-17 16:00:00,1.1225670741999998,1.1247201
1690,2025-01-17 20:00:00,1.1225159619999998,1.1246865
1691,2025-01-19 20:00:00,1.1226101687999999,1.12466
1692,2025-01-20 00:00:00,1.1228687363999998,1.1246399
1693,2025-01-20 04:00:00,1.1229739673999999,1.1246244
1694,2025-01-20 08:00:00,1.1230671719999998,1.1246005
1695,2025-01-20 12:00:00,1.1238118065999998,1.1245872
1696,2025-01-20 16:00:00,1.1240162554,1.1245799
1697,2025-01-20 20:00:00,1.1240172575999998,1.1245655
1698,2025-01-21 00:00:00,1.1236825228,1.124542
1699,2025-01-21 04:00:00,1.1235422147999998,1.1245208
1700,2025-01-21 08:00:00,1.1233407725999998,1.1244907
1701,2025-01-21 12:00:00,1.1238148131999999,1.1244643
1702,2025-01-21 16:00:00,1.1239881938,1.1244332
1703,2025-01-21 20:00:00,1.1238659253999999,1.1243944
1704,2025-01-22 00:00:00,1.1239280617999998,1.1243082
1705,2025-01-22 04:00:00,1.1239260573999998,1.1241837
1706,2025-01-22 08:00:00,1.1242367393999997,1.1240387
1707,2025-01-22 12:00:00,1.1240082377999998,1.1238964
1708,2025-01-22 16:00:00,1.1240102421999998,1.1237866
1709,2025-01-22 20:00:00,1.1238859693999999,1.1236922
1710,2025-01-23 00:00:00,1.1238969935999998,1.1236297
1711,2025-01-23 04:00:00,1.1238088,1.1235867
1712,2025-01-23 08:00:00,1.1238398682,1.1235578
1713,2025-01-23 12:00:00,1.1237807384,1.123544
1714,2025-01-23 16:00:00,1.1240362994,1.1235634
1715,2025-01-23 20:00:00,1.1239651432,1.123605
1716,2025-01-24 00:00:00,1.1242698119999999,1.1236563
1717,2025-01-24 04:00:00,1.1244181375999998,1.1237152
1718,2025-01-24 08:00:00,1.1246696897999997,1.1237854
1719,2025-01-24 12:00:00,1.1249733563999997,1.1238648
1720,2025-01-24 16:00:00,1.1247628943999999,1.1239498
1721,2025-01-24 20:00:00,1.1247298217999997,1.1240292
1722,2025-01-26 20:00:00,1.1244832805999998,1.124098
1723,2025-01-27 00:00:00,1.1244943047999998,1.1241537
1724,2025-01-27 04:00:00,1.124380054,1.1241934
1725,2025-01-27 08:00:00,1.1249402837999998,1.1242133
1726,2025-01-27 12:00:00,1.1247999757999998,1.1242217
1727,2025-01-27 16:00:00,1.1247358349999999,1.1242275
1728,2025-01-27 20:00:00,1.1241786118,1.1242315
1729,2025-01-28 00:00:00,1.1241014424,1.1242323
1730,2025-01-28 04:00:00,1.1241505501999998,1.1242347
1731,2025-01-28 08:00:00,1.1240413103999998,1.1242354
1732,2025-01-28 12:00:00,1.124049328,1.1242247
1733,2025-01-28 16:00:00,1.1241575656,1.124198
1734,2025-01-28 20:00:00,1.1240803961999999,1.1241586
1735,2025-01-29 00:00:00,1.1241816184,1.124106
1736,2025-01-29 04:00:00,1.1239671476,1.1240474
1737,2025-01-29 08:00:00,1.1238228307999998,1.1239876
1738,2025-01-29 12:00:00,1.1240022245999999,1.1239325
1739,2025-01-29 16:00:00,1.123969152,1.123881
1740,2025-01-29 20:00:00,1.124054339,1.1238313
1741,2025-01-30 00:00:00,1.1240613543999998,1.1237825
1742,2025-01-30 04:00:00,1.1240453192,1.1237357
1743,2025-01-30 08:00:00,1.1237256173999999,1.1236938
1744,2025-01-30 12:00:00,1.1241204841999999,1.1236646
1745,2025-01-30 16:00:00,1.124089416,1.1236521
1746,2025-01-30 20:00:00,1.1237747251999999,1.1236588
1747,2025-01-31 00:00:00,1.1236564655999999,1.1236804
1748,2025-01-31 04:00:00,1.123848888,1.1237108
1749,2025-01-31 08:00:00,1.1235652654,1.1237514
1750,2025-01-31 12:00:00,1.1237707163999997,1.1237967
1751,2025-01-31 16:00:00,1.1235712785999998,1.1238431
1752,2025-01-31 20:00:00,1.1234099244,1.1238945
1753,2025-02-02 20:00:00,1.1222724274,1.1239473
1754,2025-02-03 00:00:00,1.1220158641999998,1.1240091
1755,2025-02-03 04:00:00,1.1220519433999998,1.1240771
1756,2025-02-03 08:00:00,1.1223275483999997,1.1241374
1757,2025-02-03 12:00:00,1.1229679542,1.124202
1758,2025-02-03 16:00:00,1.1226572722,1.1242678
1759,2025-02-03 20:00:00,1.1230862138,1.1243411
1760,2025-02-04 00:00:00,1.1229529212,1.1244153
1761,2025-02-04 04:00:00,1.122916842,1.1244893
1762,2025-02-04 08:00:00,1.1230280862,1.1245611
1763,2025-02-04 12:00:00,1.1236073577999999,1.124644
1764,2025-02-04 16:00:00,1.1236243951999998,1.124727
1765,2025-02-04 20:00:00,1.1235201663999999,1.1248041
1766,2025-02-05 00:00:00,1.1236023468,1.1248726
1767,2025-02-05 04:00:00,1.123833855,1.1249346
1768,2025-02-05 08:00:00,1.1239561234,1.1249847
1769,2025-02-05 12:00:00,1.1240302862,1.1250243
1770,2025-02-05 16:00:00,1.1238779517999997,1.1250541
1771,2025-02-05 20:00:00,1.1237937669999998,1.1250767
1772,2025-02-06 00:00:00,1.1237266195999998,1.1250945
1773,2025-02-06 04:00:00,1.1236073577999999,1.1251001
1774,2025-02-06 08:00:00,1.1234249574,1.1250975
1775,2025-02-06 12:00:00,1.1235001223999999,1.1250888
1776,2025-02-06 16:00:00,1.1236534589999998,1.1250778
1777,2025-02-06 20:00:00,1.1236584699999999,1.1250577
1778,2025-02-07 00:00:00,1.1236043511999998,1.1250333
1779,2025-02-07 04:00:00,1.1236995601999997,1.1250083
1780,2025-02-07 08:00:00,1.1236304084,1.124984
1781,2025-02-07 12:00:00,1.1233588122,1.1249509
1782,2025-02-07 16:00:00,1.1231293083999998,1.1249132
1783,2025-02-07 20:00:00,1.1230671719999998,1.1248746
1784,2025-02-09 20:00:00,1.122901809,1.124835
1785,2025-02-10 00:00:00,1.1229208508,1.1248007
1786,2025-02-10 04:00:00,1.1229348816,1.1247712
1787,2025-02-10 08:00:00,1.123012051,1.1247494
1788,2025-02-10 12:00:00,1.1229569299999997,1.1247474
1789,2025-02-10 16:00:00,1.1228727451999998,1.1247696
1790,2025-02-10 20:00:00,1.1228116109999997,1.1248072
1791,2025-02-11 00:00:00,1.1227875581999998,1.1248548
1792,2025-02-11 04:00:00,1.122836666,1.124903
1793,2025-02-11 08:00:00,1.1230250795999999,1.1249406
1794,2025-02-11 12:00:00,1.1232054755999998,1.1249636
1795,2025-02-11 16:00:00,1.1233858716,1.1249782
1796,2025-02-11 20:00:00,1.1234379859999999,1.1249845
1797,2025-02-12 00:00:00,1.1234289661999999,1.1249908
1798,2025-02-12 04:00:00,1.1235652654,1.1250149
1799,2025-02-12 08:00:00,1.1235582499999999,1.1250389
1800,2025-02-12 12:00:00,1.1235512345999998,1.1250535
1801,2025-02-12 16:00:00,1.1237186019999998,1.1250616
1802,2025-02-12 20:00:00,1.1237286239999997,1.1250668
1803,2025-02-13 00:00:00,1.1239982158,1.1250644
1804,2025-02-13 04:00:00,1.1240623565999999,1.1250616
1805,2025-02-13 08:00:00,1.1238378638,1.125055
1806,2025-02-13 12:00:00,1.1241415303999998,1.1250559
1807,2025-02-13 16:00:00,1.1241796139999998,1.1250654
1808,2025-02-13 20:00:00,1.1244241507999997,1.1250854
1809,2025-02-14 00:00:00,1.1243960891999998,1.1251154
1810,2025-02-14 04:00:00,1.124455219,1.125145
1811,2025-02-14 08:00:00,1.1244842828,1.1251689
1812,2025-02-14 12:00:00,1.1248941825999998,1.125187
1813,2025-02-14 16:00:00,1.1247949647999997,1.1252058
1814,2025-02-14 20:00:00,1.1247238085999998,1.1252183
1815,2025-02-16 20:00:00,1.1246937425999999,1.1252246
1816,2025-02-17 00:00:00,1.1247558789999998,1.1252182
1817,2025-02-17 04:00:00,1.1246346127999998,1.1252067
1818,2025-02-17 08:00:00,1.1246285995999998,1.1251925
1819,2025-02-17 12:00:00,1.1246065511999999,1.1251537
1820,2025-02-17 16:00:00,1.1246255929999998,1.1250956
1821,2025-02-17 20:00:00,1.1246586655999997,1.1250226
1822,2025-02-18 00:00:00,1.124440186,1.1249405
1823,2025-02-18 04:00:00,1.1244451969999998,1.1248584
1824,2025-02-18 08:00:00,1.1244361771999998,1.124781
1825,2025-02-18 12:00:00,1.1244722564,1.1247109
1826,2025-02-18 16:00:00,1.1242607921999999,1.1246367
1827,2025-02-18 20:00:00,1.1242888538,1.1245655
1828,2025-02-19 00:00:00,1.1243199219999997,1.1245139
1829,2025-02-19 04:00:00,1.1243209241999998,1.1244794
1830,2025-02-19 08:00:00,1.1240533367999999,1.1244541
1831,2025-02-19 12:00:00,1.124049328,1.1244547
1832,2025-02-19 16:00:00,1.1240653632,1.124485
1833,2025-02-19 20:00:00,1.1240152531999998,1.1245298
1834,2025-02-20 00:00:00,1.1241204841999999,1.1245878
1835,2025-02-20 04:00:00,1.1241224885999999,1.1246489
1836,2025-02-20 08:00:00,1.1241926425999997,1.1247156
1837,2025-02-20 12:00:00,1.1245494258,1.1248026
1838,2025-02-20 16:00:00,1.1248250307999998,1.1248927
1839,2025-02-20 20:00:00,1.1248120021999999,1.12501
1840,2025-02-21 00:00:00,1.1248340505999999,1.1251493
1841,2025-02-21 04:00:00,1.1247298217999997,1.1252956
1842,2025-02-21 08:00:00,1.1245003179999997,1.1254628
1843,2025-02-21 12:00:00,1.1243489857999998,1.1256381
1844,2025-02-21 16:00:00,1.1244301639999998,1.1258448
1845,2025-02-21 20:00:00,1.124380054,1.1260735
1846,2025-02-23 20:00:00,1.1245464191999999,1.1263092
1847,2025-02-24 00:00:00,1.1250034223999998,1.1265378
1848,2025-02-24 04:00:00,1.1247197997999998,1.1267554
1849,2025-02-24 08:00:00,1.1244933026,1.1269554
1850,2025-02-24 12:00:00,1.1244993157999998,1.127142
1851,2025-02-24 16:00:00,1.1245594477999998,1.1273049
1852,2025-02-24 20:00:00,1.1244211441999998,1.1274391
1853,2025-02-25 00:00:00,1.124540406,1.1275551
1854,2025-02-25 04:00:00,1.1244502079999998,1.1276628
1855,2025-02-25 08:00:00,1.1247017601999998,1.1277677
1856,2025-02-25 12:00:00,1.1247949647999997,1.1278744
1857,2025-02-25 16:00:00,1.1249152288,1.1279672
1858,2025-02-25 20:00:00,1.1250154488,1.1280421
1859,2025-02-26 00:00:00,1.1248540945999999,1.1281133
1860,2025-02-26 04:00:00,1.1247488635999998,1.1281675
1861,2025-02-26 08:00:00,1.1247248107999999,1.1282048
1862,2025-02-26 12:00:00,1.1248691275999998,1.1282396
1863,2025-02-26 16:00:00,1.1247187976,1.1282659
1864,2025-02-26 20:00:00,1.1246867271999998,1.1282834
1865,2025-02-27 00:00:00,1.1244662431999999,1.1282972
1866,2025-02-27 04:00:00,1.1245604499999997,1.1283135
1867,2025-02-27 08:00:00,1.1245674654,1.1283451
1868,2025-02-27 12:00:00,1.1239571255999998,1.128391
1869,2025-02-27 16:00:00,1.1238508923999997,1.1284537
1870,2025-02-27 20:00:00,1.1237446592,1.1285224
1871,2025-02-28 00:00:00,1.1236905403999997,1.1285903
1872,2025-02-28 04:00:00,1.1237677097999998,1.1286482
1873,2025-02-28 08:00:00,1.1237947691999999,1.1286981
1874,2025-02-28 12:00:00,1.1238067955999997,1.1287402
1875,2025-02-28 16:00:00,1.1234850894,1.1287838
1876,2025-02-28 20:00:00,1.1235552434,1.1288135
1877,2025-03-02 20:00:00,1.1239280617999998,1.1288309
1878,2025-03-03 00:00:00,1.1239771695999998,1.1288387
1879,2025-03-03 04:00:00,1.1238629187999998,1.128832
1880,2025-03-03 08:00:00,1.1243339527999998,1.1288124
1881,2025-03-03 12:00:00,1.1246556589999999,1.1287856
1882,2025-03-03 16:00:00,1.1245384016,1.128751
1883,2025-03-03 20:00:00,1.1246616721999998,1.1287154
1884,2025-03-04 00:00:00,1.1245814961999998,1.1286769
1885,2025-03-04 04:00:00,1.1247378393999998,1.1286358
1886,2025-03-04 08:00:00,1.1252509657999998,1.1286168
1887,2025-03-04 12:00:00,1.1250745785999998,1.1286039
1888,2025-03-04 16:00:00,1.1258192131999998,1.128601
1889,2025-03-04 20:00:00,1.126043706,1.1286021
1890,2025-03-05 00:00:00,1.1259935959999998,1.1286073
1891,2025-03-05 04:00:00,1.1265598389999998,1.1286163
1892,2025-03-05 08:00:00,1.1266019314,1.1286249
1893,2025-03-05 12:00:00,1.1274658277999998,1.1286426
1894,2025-03-05 16:00:00,1.12771738,1.1286732
1895,2025-03-05 20:00:00,1.1277584701999999,1.1287107
